UUID,Title,"First Name","Last Name","Street Address",Barangay,Municipality,Province,Country,"Phone Number","Mobile Number","Company Name","Company Website","Job Title","Favorite Color",Birthdate,"Email Address",Password
10d988e5-ce92-3cb2-b9ee-35aa61022cee,Dr.,Roman,Yundt,"51A/11 Bode Mountain",Poblacion,"Cebu City",Bohol,Philippines,829-881-243,"+63 (948) 987-2236","Paucek Ltd",ritchie.com,"Operations Research Analyst",fuchsia,1987-07-05,cdicki@crooks.com,[}G|.:mI
f0dfa34c-4a50-3a14-936e-9490b2fc7fc2,Mr.,Marlee,Conn,"84/54 Koelpin Mews Apt. 392",Poblacion,Cabanatuan,"Nueva Ecija",Philippines,343-589-047,"+63 (927) 702-9603",Wisoky-Shields,hessel.org,"Medical Technician",gray,1986-04-25,mckenzie.alexandrine@glover.com,l0@jS{$^7jt(
84eade3f-d102-3e01-9fc9-dfaee1179396,Prof.,Jarrell,Simonis,"42A Pouros Unions",Poblacion,Muntinlupa,Bataan,Philippines,785-477-994,"+63 (907) 403-4394","Monahan, Hartmann and Corwin",feeney.com,"Human Resources Assistant",white,2019-01-10,rashad39@flatley.info,"+l9$wVT\R(l"
c5ba26c5-8a44-3750-8bbb-5f39a58284da,Dr.,Sven,Hintz,"55/60 Hodkiewicz Way Apt. 637",Poblacion,"San Jose","Zamboanga del Norte",Philippines,520-664-299,"(0937) 895-6595","Hirthe, Runolfsdottir and Hansen",vonrueden.org,"Model Maker",blue,1974-12-14,jmante@stokes.net,{PC*#K2W.%&J+DXi^:Z
4cd2a0c3-1b1f-3d45-b179-eca7d9cd27eb,Prof.,Sedrick,Goodwin,"43A Swift Circle",Poblacion,Dapitan,Marinduque,Philippines,856-353-640,"+63 (948) 864-2438","Hand, Huels and Wisozk",wilderman.com,"Fire Investigator",purple,1996-04-01,pharber@steuber.org,>iqcoh)Mm=#UDo.
5afb847e-d0d4-31a8-905e-1bf25133b781,Prof.,Gerson,Williamson,"15A O'Connell River",Poblacion,Silay,"Negros Occidental",Philippines,835-325-551,"+63 (905) 830-0131",Kirlin-Toy,heathcote.net,"Aircraft Structure Assemblers",blue,2006-10-22,davion82@gmail.com,w@wRDsi[y
32f4afb0-fae6-3f96-83f0-62ab86a069a6,Mr.,Elroy,Hauck,"44A/29 McKenzie Corner",Poblacion,Calapan,"Agusan del Norte",Philippines,825-025-470,"+63 (935) 532-8324","Mitchell, Herzog and Schaefer",schoen.com,"Petroleum Pump Operator",olive,1976-04-07,edamore@yahoo.com,".,-0xmv4sR_"
23f3b83d-f7a2-33eb-9d02-8dd3c447ae56,Prof.,Elena,Swaniawski,"83 Zieme Loop Suite 070",Poblacion,Ormoc,Masbate,Philippines,738-019-614,"(0939) 182-4750","Marvin, Botsford and Lehner",lind.info,CSI,blue,1971-03-13,brando.stark@gmail.com,Cl|G5lPA*q_'up-
abc2ae11-a815-3f96-b26c-cd12a2b5362f,Ms.,Dana,Murray,"70A/60 Prosacco Junction",Poblacion,Himamaylan,"Eastern Samar",Philippines,192-678-685,"+63 (980) 830-1132","Huels, Schamberger and Schroeder",jacobs.com,"Sys Admin",lime,2016-01-17,adalberto.heidenreich@gmail.com,.@x>V5
0636b479-4779-33c4-a073-c9380d22795f,Miss,Theresa,Larkin,"51 Mueller Cove Suite 238",Poblacion,Tagum,Quezon,Philippines,291-174-842,"+63 (925) 481-0652","Daugherty Ltd",mertz.org,"Clinical Laboratory Technician",yellow,1973-05-03,fredrick.nader@cassin.biz,"kYj9_{dI,ms[Ke("
9ca15f62-cd99-319e-9ad1-7c6a427b9e6e,Miss,Gerda,Blick,"55A/14 Cronin Plaza Suite 921",Poblacion,"San Pablo","Misamis Occidental",Philippines,380-979-532,"+63 (915) 828-6022","Schultz, Purdy and Johnston",okeefe.net,"Home Appliance Repairer",maroon,2017-01-10,lemke.gideon@yahoo.com,}oIrdcS
b6e29193-dd67-3eb0-b501-0588fc7d4a69,Ms.,Marlen,Murray,"25 Mante Roads Apt. 341",Poblacion,Olongapo,"Davao del Norte",Philippines,829-079-912,"(0998) 203-9740","Kessler and Sons",emmerich.info,"Animal Husbandry Worker",aqua,1971-05-28,tlockman@yahoo.com,[=#sm<@
5449c837-de95-3c8c-9f76-d9981ea292ce,Prof.,Margaretta,Swaniawski,"38A/20 Hahn Stream",Poblacion,Bayawan,"Mountain Province",Philippines,654-736-395,"(0936) 974-3599","Abshire and Sons",ziemann.com,"GED Teacher",aqua,1989-10-07,moore.bennett@yahoo.com,"&}ak,QZ32),"
5fa22402-631f-3e1b-86f2-682c623e9921,Prof.,Kylee,Volkman,"21A Walter Ports",Poblacion,Cauayan,Cagayan,Philippines,286-100-152,"+63 (936) 516-8045",McGlynn-Berge,feest.com,"Loading Machine Operator",yellow,2011-07-18,vconnelly@feil.biz,"Bl?fIFzn9Y,T{b|&5/"
b07d6e9c-556c-308a-be32-e6ead6593b0a,Dr.,Kamille,Koepp,"53/59 Jakubowski Freeway",Poblacion,"San Jose",Guimaras,Philippines,846-549-427,"+63 (925) 061-7304",Runolfsdottir-Stroman,marvin.com,"Textile Worker",purple,1970-07-01,karolann64@dach.net,AA~QzH^2vW{$TYf?c
cfeeae39-9186-3f39-a6d5-15c4df5132d9,Prof.,Schuyler,Powlowski,"68/10 Wilkinson Village",Poblacion,Isabela,"Davao del Norte",Philippines,112-794-038,"(0971) 979-4188","Yundt, Turcotte and Donnelly",dubuque.com,"Bridge Tender OR Lock Tender",maroon,1992-01-16,leannon.charley@bahringer.com,%uA8B9@rJ(
a76af4f0-6194-3c89-903d-50175a701fab,Dr.,Saul,Lowe,"76/92 Kunde Underpass",Poblacion,Tangub,"Zamboanga del Sur",Philippines,833-160-782,"+63 (996) 962-3416","Abbott PLC",wisoky.com,"User Experience Manager",fuchsia,2013-05-30,wbeahan@becker.com,G`|.bKUj
a5a9bc49-48e0-3bce-a165-936d487b9bfe,Dr.,Hal,Ebert,"20 Spinka Ports",Poblacion,Batac,"Oriental Mindoro",Philippines,007-697-802,"+63 (974) 533-2739",Cummings-Toy,smith.biz,"Supervisor of Police",green,2009-09-11,schmitt.gus@yahoo.com,"?)T""28{@EvWk:Fbn}:6"
9fa03e4c-3e8f-3523-a11b-9369170893fe,Ms.,Christian,Zulauf,"38A/41 Schoen Unions",Poblacion,Valenzuela,Iloilo,Philippines,706-920-807,"(0928) 437-9304",Brown-Hoeger,moore.com,"Construction Manager",olive,2007-11-20,gkilback@mayer.com,/vv2K7`)d
66f873f9-e3ac-38eb-888b-269232cf0d05,Miss,Augusta,Price,"75 Hegmann Courts",Poblacion,Dumaguete,Antique,Philippines,889-545-387,"(0948) 009-9372","Nikolaus LLC",heaney.org,"Nursery Manager",teal,1979-12-04,kaela17@oreilly.info,|or$o+%jTIpxV
def61f5f-8649-3f87-a887-bd37f60c3d60,Dr.,Dana,Wisoky,"14/98 Greenholt Causeway",Poblacion,Bacoor,Zambales,Philippines,464-859-180,"+63 (920) 675-6063",Reynolds-Lubowitz,heidenreich.com,Photographer,navy,1972-10-20,lrohan@yahoo.com,43aUuf+D=I+9iF
0b8adb29-3a76-3529-a6e2-a819676ff60b,Prof.,Josh,Bogisich,"37A/81 Nitzsche Corner",Poblacion,Malaybalay,"Ilocos Norte",Philippines,066-540-522,"+63 (999) 064-8806","Harvey LLC",olson.net,Janitor,teal,1992-03-18,woodrow51@gmail.com,]Kg_vU
db69f8c1-4320-319f-a97d-69bc880e8835,Dr.,Loma,Morissette,"73A Erdman Creek",Poblacion,"San Jose del Monte","Misamis Occidental",Philippines,289-582-207,"+63 (922) 217-5122","Ledner, Kassulke and Cole",mann.net,Architect,silver,2001-07-04,rcasper@yahoo.com,.hYz7D-U~y<A'dlC
77999bf6-a79f-3a3d-9369-c2a1ca1c3c4d,Dr.,Beau,Bechtelar,"39/11 VonRueden Bypass",Poblacion,Navotas,Iloilo,Philippines,362-400-439,"(0906) 884-4895","Kutch and Sons",champlin.com,"Credit Analyst",lime,1994-01-10,kuhlman.hortense@carter.info,^RnOQ&OlsaK*J`nCA5L
7e71d73c-287f-34fd-b70d-8fdf1a5296dc,Dr.,Brad,Keebler,"16/34 Green Valleys Suite 573",Poblacion,Iligan,"Lanao del Norte",Philippines,251-248-278,"(0948) 988-9176","Hilpert Ltd",frami.org,"Office and Administrative Support Worker",blue,1972-02-22,ddamore@hotmail.com,lM-#CEj9O2'BT5Jm
e1123c9a-49c0-357b-807c-6e880a256087,Miss,Felipe,Harris,"75 Rutherford Creek Suite 842",Poblacion,Marawi,"Oriental Mindoro",Philippines,317-487-843,"+63 (943) 195-8350","Maggio and Sons",eichmann.com,"Motorboat Operator",maroon,1985-01-31,tadams@gmail.com,3s&QuKOQiA6PcuURH.}
b56d6a2d-b38e-306b-8399-072fe2ced8d3,Miss,Reyes,Ankunding,"75A Farrell Mills",Poblacion,"Las Piñas",Albay,Philippines,769-573-184,"+63 (909) 144-8357","Rice, Senger and Kshlerin",hudson.info,"Telecommunications Facility Examiner",navy,2006-12-23,xabshire@spencer.com,l;5If]+;`HEcGT
7dafb773-4725-3ba8-985c-2c270a3f5f8a,Dr.,Makenzie,Rosenbaum,"33A Gutkowski Hollow Suite 244",Poblacion,Sipalay,Pangasinan,Philippines,519-016-106,"(0920) 067-8754",Prohaska-Gorczany,jones.com,"Bill and Account Collector",aqua,1974-04-19,dbartoletti@gmail.com,"Y+wOrQiO<W&<W6xxD0H"""
ea6a3d48-1650-36a1-8c9b-b7b0d6eb9020,Prof.,Jocelyn,Erdman,"55 Parker Way",Poblacion,Dasmariñas,Cotabato,Philippines,525-264-123,"+63 (926) 914-1969","Cassin Inc",cassin.com,"Casting Machine Operator",navy,2015-12-27,julius.ritchie@hotmail.com,rxHs;YRx
161976c8-9d62-38a9-8017-8ccda1885e28,Miss,Vesta,Hudson,"91 Satterfield Neck",Poblacion,Tanauan,"Davao Oriental",Philippines,784-005-403,"(0908) 015-3911","Kub, Swaniawski and Yundt",rosenbaum.com,"Mine Cutting Machine Operator",blue,1993-08-29,shanahan.abe@hotmail.com,"SR!AI&""%,A""Y!'-!$J*"
57ee2d45-1da6-322a-990a-26a480907cfd,Miss,Giovanna,Erdman,"75A Murazik Brooks",Poblacion,Lamitan,Batangas,Philippines,902-445-422,"+63 (935) 064-5998","Yundt, Marvin and Jaskolski",abernathy.com,"Teacher Assistant",aqua,2023-05-21,michaela.hermiston@hotmail.com,w;jr0DBF*G^={8Y
aa09b6a6-3fa8-36c6-bf7c-0ed03435faf8,Ms.,Madeline,Watsica,"78 Stark Meadows",Poblacion,Tagum,Siquijor,Philippines,714-399-946,"(0919) 706-1780","Douglas, Powlowski and Abbott",hayes.com,"Battery Repairer",silver,1981-07-13,medhurst.rowan@gmail.com,]Qr^>U.SVP
b38c0b3f-d73d-3e0b-aa5f-23014dd9214b,Mrs.,Tanya,Considine,"81A/91 Marks Forges Suite 211",Poblacion,Tanjay,Apayao,Philippines,255-113-855,"+63 (813) 436-3312","Langosh, Pouros and Nicolas",skiles.com,"Carpenter Assembler and Repairer",silver,1978-07-29,baumbach.dasia@raynor.com,v&X+y-QoPN
bbc696a4-7d23-3e23-9d72-a7c3fb810fd8,Prof.,Samanta,Schmeler,"34/83 Jakubowski Land",Poblacion,Isabela,"Agusan del Norte",Philippines,450-402-577,"+63 (948) 176-4630",Muller-Stehr,gaylord.org,"Head Nurse",teal,1979-07-27,anahi41@hotmail.com,"""bDo?e<]}X{+#g/vX=93"
d5d5ce03-c303-3f17-8f2a-89f611a1f05b,Dr.,Neha,Corwin,"52 Conroy Junctions Apt. 342",Poblacion,"Cotabato City","Surigao del Sur",Philippines,729-113-707,"+63 (935) 096-0353","Mayer, Kuhic and Leuschke",muller.com,Decorator,yellow,2000-11-09,hosea.koss@quigley.com,[:B}0_tYzc~C|
3ada5349-d4af-3b20-8e3d-9705832870f5,Prof.,Jaylon,Glover,"39A/63 Strosin Shoal",Poblacion,"Iloilo City",Sarangani,Philippines,658-238-659,"(0927) 534-3877","Fisher, Jast and Kuhic",stanton.com,"Precision Etcher and Engraver",purple,2019-10-21,sid.huel@hotmail.com,#};;|`N*F[_?xJ|(wn+[
a969addc-ffd9-3a2f-9ac0-c915a7bb7317,Dr.,Pietro,O'Conner,"95 Ledner Tunnel",Poblacion,Bayawan,"Lanao del Sur",Philippines,598-014-256,"(0918) 311-9982","Mills, Rau and Dickens",marks.com,"Sales and Related Workers",silver,1998-03-01,ruecker.percival@emard.com,kS)u%J
d5c70625-e6bc-3b4d-b62c-b52e09dff193,Miss,Malika,Brekke,"67/16 Marks Crossing Suite 407",Poblacion,Imus,"Northern Samar",Philippines,227-636-625,"+63 (949) 020-8956",Kemmer-Hammes,schuster.info,"Logging Tractor Operator",maroon,2022-01-24,emilie02@stark.com,3gAW#xUcY-b*Qdg.
eb3d57ea-5930-3540-9767-39a3a992ed0f,Dr.,Larue,Hudson,"51/22 Glover Fall",Poblacion,Candon,"Eastern Samar",Philippines,447-361-027,"(0923) 783-8359","Effertz PLC",morissette.com,"Aircraft Launch and Recovery Officer",navy,2019-07-16,grimes.melvina@hodkiewicz.com,:!27@j_k~F?]E4'
52af93b7-4ac4-3a0c-af62-301ca448abb5,Dr.,Johnathan,Paucek,"98A/71 Schmeler Falls",Poblacion,Pasig,Bohol,Philippines,256-832-313,"(0929) 870-5772",Hermiston-Rippin,homenick.com,"Human Resources Assistant",olive,1970-04-23,wunsch.domenico@gmail.com,"qE3`{+c\xY"
806c291b-6aef-3edc-8dd3-7a8b92b30a63,Dr.,Alfred,Boyer,"41A/40 Thompson Drives Suite 082",Poblacion,Taguig,Bataan,Philippines,229-275-618,"(0994) 512-7488",Hirthe-Wisozk,monahan.com,"Security Systems Installer OR Fire Alarm Systems Installer",silver,1978-03-05,deangelo.hagenes@murazik.com,/ID6Z^
0050a5c9-0a13-38af-b59b-b462b10728c6,Dr.,Jamal,Pfannerstill,"91 Hoppe Motorway",Poblacion,"Iloilo City","Zamboanga Sibugay",Philippines,064-874-072,"(0930) 047-5214","Keebler Ltd",bartell.com,"Correspondence Clerk",yellow,2011-01-07,ereichel@gmail.com,[bf{^-..6K;d
ac68d32c-4eed-3575-84b3-2c69dfe8618e,Dr.,Mike,Baumbach,"76/16 Rosenbaum Trafficway Apt. 884",Poblacion,Taguig,Laguna,Philippines,383-728-148,"(0997) 234-1833","Hermiston Ltd",turner.com,"Storage Manager OR Distribution Manager",silver,1983-01-17,justine79@kris.info,m=61~x`0+I|:CmDJQ
d8083f76-8fbe-39f5-88bf-887404214fe3,Prof.,Georgette,Brakus,"59 Willms Stream",Poblacion,Muñoz,Ifugao,Philippines,486-922-292,"+63 (996) 296-9735","Tillman Inc",hane.com,Butcher,blue,1986-06-21,mrowe@yahoo.com,J5=W;R]n/XgrNIs2
db5e2ac8-7ecf-32de-bba6-25a57569bee0,Prof.,Lenna,Mertz,"69A/63 Grady Parkway",Poblacion,Balanga,"Oriental Mindoro",Philippines,625-782-536,"(0920) 651-8925",Reichel-Leuschke,zieme.com,Usher,maroon,1994-04-03,corkery.raphaelle@yahoo.com,/0{#m=$~_rx*Nk*=lK~
f6fe1753-e0f7-33b0-a276-c1e0833fd3a8,Mr.,Dusty,Purdy,"74 Pouros Fall",Poblacion,Calbayog,Sarangani,Philippines,968-014-132,"+63 (933) 692-0361","Steuber, Kuphal and Bergstrom",kemmer.net,"Cutting Machine Operator",olive,1988-02-22,ygreenholt@moen.com,5dCQ?d$yFHLv(rEoL
8a7c31b7-0db0-325d-8ad1-815ce50a183f,Dr.,Irma,Koch,"91 Marquardt Turnpike",Poblacion,Dumaguete,"Ilocos Sur",Philippines,754-673-080,"+63 (935) 275-0413",White-Brown,hintz.com,"Shipping and Receiving Clerk",aqua,1995-11-03,selena23@yahoo.com,yop*'6Si[2bG*m
0ec99782-3b29-3d2e-922e-924d55abc4d7,Miss,Anthony,Leuschke,"75A/85 O'Hara Dale Suite 529",Poblacion,Tangub,"Zamboanga del Sur",Philippines,639-667-663,"+63 (929) 364-8504",Cruickshank-Runte,walter.com,CTO,fuchsia,1993-03-27,teffertz@yahoo.com,~T9%1&XX#IFNyWDfAG
d092659e-82d1-34dc-83aa-20a45b226d4e,Ms.,Ian,Pfeffer,"52/34 Schultz Expressway Apt. 135",Poblacion,Ligao,"Dinagat Islands",Philippines,808-302-466,"+63 (974) 596-3899","Reilly, Balistreri and Schinner",prohaska.net,"Animal Care Workers",purple,1976-04-08,apollich@gmail.com,"s\.1N+Qxy%"
b5cc0545-f70c-3d0c-8a8b-67bee539437c,Mr.,Retta,Kunze,"22 Jast Squares Suite 757",Poblacion,Tacurong,"Occidental Mindoro",Philippines,783-895-323,"+63 (920) 031-7703","Hegmann, Lockman and Kozey",konopelski.biz,"Director Of Social Media Marketing",maroon,1970-09-27,delphia83@kozey.biz,"Q`yD\%BpJg#RxT>"
d056eb37-d135-3c10-9e35-39856b30f6f2,Prof.,Marcelo,Hodkiewicz,"59A/71 Breitenberg Forges Suite 044",Poblacion,Dapitan,Catanduanes,Philippines,771-649-316,"+63 (912) 167-0041","Hackett and Sons",hickle.biz,"Furniture Finisher",black,1985-06-02,qstracke@fay.com,"4/XdRHm8WT-mAx{\g"
23c7437a-6b3d-3b64-8723-0abc96c6c237,Prof.,Vilma,Pagac,"18A/58 Padberg Junction Apt. 196",Poblacion,Cabuyao,Apayao,Philippines,512-952-815,"(0977) 271-1360","Rempel PLC",schiller.com,Carver,gray,1979-12-29,slynch@yahoo.com,U55I4d&&:vDFE
0a2ae81e-1c2d-38e2-b3cf-b52524862e96,Ms.,Raheem,Dickens,"27A/17 Stiedemann Haven Apt. 558",Poblacion,"San Carlos",Samar,Philippines,606-620-416,"(0937) 742-2834",Pacocha-Swaniawski,walter.org,"Crossing Guard",gray,2017-07-01,jennings.williamson@dach.com,@&CG?V5jIz'BM
d6cf7c6c-3aa2-327d-a878-699a7c5e2722,Dr.,Beau,Hoeger,"88A Corwin Garden Apt. 387",Poblacion,Valenzuela,"Lanao del Sur",Philippines,366-577-934,"(0949) 172-6864","Cartwright, Reinger and Koelpin",stroman.com,"Mathematical Science Teacher",purple,2004-04-11,amber10@gmail.com,"j5N6Ie""k8;i}^"
34662b88-c02d-38aa-a264-56bfb0efc442,Dr.,Frederick,Carter,"22A/81 Murphy Greens",Poblacion,Bacolod,Aklan,Philippines,896-352-767,"+63 (940) 367-6473",Osinski-Senger,goodwin.com,"Poet OR Lyricist",teal,1993-08-26,aniyah80@yahoo.com,"jjrH(""umF"
b0f8d126-15d1-3d66-a907-3950b801459c,Dr.,Jalon,Wisoky,"13A/37 Mraz Glen Suite 920",Poblacion,Tanjay,Catanduanes,Philippines,196-227-901,"+63 (928) 564-4125","Runolfsson, Kuhic and Terry",legros.info,"Sociology Teacher",teal,1975-11-17,bauch.savanah@hotmail.com,@q$ynMT3=
d837fce0-461b-3523-95b2-b2d53531b98d,Prof.,May,Baumbach,"16/18 Zboncak Walk",Poblacion,Maasin,Batangas,Philippines,100-894-549,"(0934) 689-1956","D'Amore, Moen and D'Amore",crona.org,Silversmith,gray,1998-04-30,eliane61@gmail.com,9W-Cm99PN[4zt
af09b2a1-3af9-3369-90ec-923a87c1de50,Mr.,Clementine,Mills,"67A Feest Green",Poblacion,Tabaco,Pampanga,Philippines,537-795-121,"(0943) 510-7454","Keebler Ltd",feest.com,"Government Service Executive",aqua,2020-04-02,millie82@nienow.com,"zK#ZbW,ql*%gUFM`aM`"
5426552e-f1b0-3485-8d56-c7a940e26899,Mrs.,Bennie,Hegmann,"56 Durgan Canyon Apt. 758",Poblacion,Bayugan,Quezon,Philippines,492-819-991,"(0905) 974-1940","Bartoletti PLC",haag.com,"Medical Appliance Technician",lime,1978-01-10,armstrong.darren@jacobs.org,Ccj*5DV6!l`
68d378a3-ead5-3e50-b2ce-3f67f8e9d5ba,Prof.,Paolo,Tremblay,"91/71 Collier Burg Apt. 109",Poblacion,Baybay,"Nueva Ecija",Philippines,462-522-223,"(0922) 816-9923",Pfeffer-Gaylord,dooley.org,"Housekeeping Supervisor",silver,1977-01-13,matilda.ortiz@gmail.com,"jvW@q427Qje\"
b1857a6b-2a19-3ce7-b5cd-a156a4661dfa,Mrs.,Brielle,Jast,"20A/81 Waters Bypass Suite 373",Poblacion,Meycauayan,"Davao del Sur",Philippines,624-777-190,"(0947) 033-0574","O'Hara, Walsh and Quitzon",dicki.biz,"Cost Estimator",gray,2015-03-21,ebert.jesse@hotmail.com,"..jCxQ""4wW`a#0"
e91feb87-b248-30c8-b6e5-5de8c6a8fdc9,Prof.,Abigail,Barton,"79A/84 Rice Spur",Poblacion,Parañaque,Kalinga,Philippines,523-375-206,"+63 (936) 427-6388","Schmidt Ltd",johnson.info,"Telecommunications Line Installer",teal,2002-09-04,schroeder.vincent@gmail.com,"L:ELA\K8,p$J"
db51de88-44f1-3e48-8954-6553b44995ea,Ms.,Maya,Russel,"73 Borer Viaduct",Poblacion,Biñan,Cebu,Philippines,623-304-616,"(0948) 105-0049",Rippin-Wehner,jerde.org,Courier,purple,2020-12-09,mckayla22@senger.com,"RzHrI}p:F7t,"
a1ea16b0-fa91-33d2-b4be-5bbffbfe3fe9,Dr.,Robbie,Murray,"84/61 Cole Dale Suite 147",Poblacion,Dumaguete,Kalinga,Philippines,510-700-547,"+63 (910) 755-2603",Hettinger-Jacobi,johns.com,"Marketing VP",yellow,1981-05-23,shanie.thiel@gmail.com,KhPb$1]D)Yk@
872773eb-8e5d-34a9-b93a-2046332cf434,Mr.,Larissa,Ryan,"70A Reynolds Mews Suite 838",Poblacion,Tuguegarao,"Davao del Norte",Philippines,405-881-523,"(0996) 763-1879","Schuster, Kozey and Wiegand",runolfsdottir.com,"Event Planner",fuchsia,1984-01-15,lind.estell@bernhard.net,E+-mj.m}o09&{-S<*s
7ea31c07-9261-33cd-9b24-0650617fc471,Prof.,Kirstin,Borer,"53/38 Quitzon Bridge Apt. 464",Poblacion,"San Jose del Monte","Lanao del Sur",Philippines,604-824-748,"(0975) 196-8547","Smith and Sons",boehm.com,Librarian,teal,1975-09-25,murphy.marcella@yahoo.com,8s%ZH<qycoyvy^WO
74c6d4e7-669b-33ce-af15-146e359ab1f7,Dr.,Gabe,Okuneva,"85 Yundt River Suite 209",Poblacion,Malaybalay,Kalinga,Philippines,506-847-783,"(0980) 225-3586","Little, Pfeffer and Stehr",murray.com,"Woodworking Machine Operator",white,1970-04-03,precious08@beier.com,Qlu`Eqd4q3[
1fcaf1a7-408d-3709-93be-3b288fe86609,Dr.,Genesis,Roberts,"68 Koss Dam Apt. 695",Poblacion,Dipolog,"Davao del Norte",Philippines,036-071-782,"+63 (929) 307-9959","Hickle Group",schroeder.biz,Bellhop,green,1983-03-06,rosetta.kling@goyette.com,g*v_&5ja.D
127a35a0-0bdf-3638-b320-8135a9515b67,Dr.,Edgar,Schmitt,"66/60 Walker Lock Suite 458",Poblacion,Panabo,"Compostela Valley",Philippines,768-129-834,"+63 (998) 360-9971","Romaguera PLC",boyer.com,"Massage Therapist",green,2001-10-01,dyundt@kertzmann.com,KXf/#|AQQ?0NTP
37c69975-7ced-3a20-b365-69dc1458dfe3,Mr.,Wilhelmine,Gulgowski,"20A Kautzer Port Apt. 403",Poblacion,Parañaque,Isabela,Philippines,232-238-978,"+63 (906) 177-8133","Jones Inc",wyman.com,Barber,gray,1984-06-22,nwaters@metz.com,(p4V2X5as
7d33d25b-2c41-30fc-a28f-51fe38b81957,Ms.,Fannie,Dicki,"68/51 Durgan Junction",Poblacion,Panabo,"Sultan Kudarat",Philippines,393-566-128,"+63 (971) 393-6314",Casper-Harris,bauch.org,"Craft Artist",navy,2017-02-15,nelson28@lockman.com,TqUj.01ON`Rk(Dj
bd8d56d7-ef63-30f8-b691-0b283a6b2f2b,Dr.,Liliane,Kuhlman,"31 Fadel Corners Suite 748",Poblacion,"Santa Rosa","Lanao del Norte",Philippines,091-013-783,"(0918) 011-4512","Friesen, Brekke and Hodkiewicz",lubowitz.com,"Human Resource Director",olive,2001-12-02,jennings81@gmail.com,`$7%Ds8`
d7461ac4-c683-3937-b2ff-24ad066c6c88,Dr.,Dudley,Schimmel,"14/46 Kirlin Shore Suite 058",Poblacion,Iriga,"Northern Samar",Philippines,150-431-922,"(0949) 154-3471","Hill LLC",robel.biz,"Personal Home Care Aide",blue,2001-11-29,wilhelmine26@gmail.com,p5hy'O
4ec769c1-45f0-32ce-bebf-0174dd363512,Dr.,Juana,Padberg,"89A Simonis Glen Apt. 484",Poblacion,Pasig,"Dinagat Islands",Philippines,982-894-491,"+63 (974) 834-2516",Haag-Pfeffer,rice.org,"Photographic Reproduction Technician",fuchsia,2016-04-07,kimberly.paucek@gmail.com,xPP@]jxJp+/
d44e8408-aa3b-38ea-9644-59936712f650,Prof.,Anahi,Kunde,"34A Effertz Fords Apt. 842",Poblacion,Panabo,"Lanao del Norte",Philippines,272-739-341,"(0916) 758-2724","Hamill Inc",gulgowski.net,"Set and Exhibit Designer",teal,2005-10-04,leanne.padberg@gmail.com,gnCDG=?E-V-Q1n_
17eae576-15b1-37e9-a4eb-d030512c58c9,Miss,Randall,Pacocha,"48 Altenwerth Crossroad Apt. 862",Poblacion,Ozamiz,"Negros Occidental",Philippines,583-474-972,"(0933) 821-4680","Lehner and Sons",gerlach.com,"Wellhead Pumper",silver,1974-10-25,cummings.haley@gmail.com,}omC}u)dMKw
0215e737-a7e8-3cd9-a609-ce70de3e87b9,Mr.,Clark,Dickinson,"42A/49 Hyatt Prairie",Poblacion,Mati,"Sultan Kudarat",Philippines,194-764-917,"+63 (926) 531-4272","Gulgowski, Balistreri and Kunze",runolfsdottir.com,"Material Moving Worker",black,1971-09-07,valentine87@blanda.biz,;4ns@8+uMqN*x
0da1c15f-5f94-34a2-acc2-16ac0ca4d2c8,Dr.,Salvador,Krajcik,"34/77 Stracke Passage Apt. 573",Poblacion,Baguio,Bulacan,Philippines,790-131-836,"(0911) 871-9911","Bins, Crist and Collins",hayes.org,"Camera Repairer",fuchsia,1989-12-13,kshlerin.katrine@yahoo.com,"hY*aUb""Ss"
edb61d27-be58-378f-96f2-1b319c869593,Prof.,Dino,Denesik,"46A Bartell Cove Apt. 094",Poblacion,Oroquieta,Bohol,Philippines,842-108-633,"(0999) 693-4367",Reilly-Reynolds,beatty.com,"Physical Therapist Aide",olive,2017-12-31,gleichner.rafaela@gmail.com,M)<s*UJ_q
2e523ee7-3463-3b0d-88c2-0cab5cc38af1,Prof.,Dallas,Funk,"85A/52 O'Connell Mews Suite 680",Poblacion,Cabadbaran,"Dinagat Islands",Philippines,445-405-945,"(0997) 601-8141",Wyman-Wilkinson,leuschke.com,"Calibration Technician OR Instrumentation Technician",green,1993-03-24,wkub@hotmail.com,9#u-bdg%4q
3312244c-c1f0-3b7f-b11b-db4c6caa2d00,Mr.,Abdiel,Weber,"49 Hand Underpass",Poblacion,Iligan,"Nueva Vizcaya",Philippines,326-637-001,"+63 (935) 171-8869",Davis-Johnston,oconner.com,Council,navy,1988-07-20,pwolf@yahoo.com,!m1*vSH(fh9c?|)/U
cdff1aae-1168-3d72-9576-a4454864b2e0,Mrs.,Filiberto,Considine,"39/22 Senger Drive",Poblacion,"Trece Martires","Nueva Vizcaya",Philippines,691-886-402,"+63 (912) 613-1030","Bergstrom, Feeney and Harvey",pagac.com,"User Experience Researcher",fuchsia,2021-09-21,stanton.donnell@osinski.com,"~FjvDg!y,c<<%~U3gUQ"
d283dce7-c834-3314-9ab6-66cb3a436bb7,Prof.,Marcelle,Rodriguez,"28 Pollich Camp",Poblacion,Toledo,Cotabato,Philippines,047-541-959,"+63 (935) 784-0742","Blanda Inc",grady.com,"Stringed Instrument Repairer and Tuner",lime,1993-03-27,rfadel@yahoo.com,"9?LDx\M!e.DMSs._}G"
52d50765-fdc1-38ae-8477-73e15c09602f,Prof.,Ivah,Prohaska,"77A Hudson Camp",Poblacion,"Iloilo City",Cagayan,Philippines,532-245-985,"+63 (997) 652-4246",Quigley-Moen,ritchie.com,"Tool Sharpener",silver,1970-03-11,zkilback@yahoo.com,PGtWKa{p@
5241cf9f-fb1a-3e4b-a812-d09ea7a59b72,Prof.,Roberta,Greenfelder,"31A Osinski Port",Poblacion,Palayan,Pampanga,Philippines,682-821-660,"+63 (999) 127-3765","Buckridge Ltd",barton.info,"Board Of Directors",aqua,1987-11-10,lferry@ferry.com,D5X5~)Ow;s
3088d2e0-0476-3b98-ad94-203751018281,Dr.,Gardner,O'Connell,"21/53 Morar Ridges",Poblacion,Cabanatuan,Isabela,Philippines,142-071-775,"(0939) 667-3860",Schmidt-Nienow,wintheiser.org,"Physical Therapist Assistant",aqua,2019-01-04,ritchie.roger@yahoo.com,guM'Og6tYm4mKD
2d8c9d0b-9256-3a11-b6f6-e4011b5ed72c,Dr.,Rosina,Olson,"53A/64 Jacobson Inlet Suite 113",Poblacion,"Cebu City","Misamis Occidental",Philippines,802-747-096,"+63 (935) 057-2851",Green-Romaguera,mayert.biz,Archivist,black,2022-10-06,jamaal53@yahoo.com,1aj~@8
cfd65a7c-25ef-3f09-b68f-0920ac82ca88,Mr.,Monserrat,Deckow,"07A/94 Leannon Path Apt. 076",Poblacion,Ligao,Aklan,Philippines,391-507-846,"+63 (944) 235-9513",Yost-Bergstrom,mcdermott.com,"Transit Police OR Railroad Police",blue,2012-12-06,vwolf@kuhlman.com,3{DB9QUe;
9be7d9c9-4370-3660-8467-091a83ffece1,Prof.,Jayson,Kreiger,"41A/27 Johnston Springs Apt. 916",Poblacion,Tandag,"Southern Leyte",Philippines,200-040-122,"+63 (927) 505-9726","Effertz, Greenfelder and Hills",dickens.com,"Textile Knitting Machine Operator",navy,1997-07-18,megane.tremblay@kerluke.com,VwPzh>
6f6b21b2-ba4a-300a-bc79-d864c52b051a,Dr.,Arlene,Metz,"31 Koss Mills",Poblacion,Tanauan,"Mountain Province",Philippines,410-323-865,"+63 (936) 070-1435","Connelly PLC",mitchell.org,"Annealing Machine Operator",silver,1970-04-03,ywisoky@gmail.com,"AO""E`,iR4weyU:z"
b0303ce7-ca24-3166-9090-a127047a6a77,Mr.,Benjamin,Monahan,"38/75 Pagac Rue",Poblacion,Roxas,Laguna,Philippines,227-326-694,"+63 (943) 147-6855","Hauck, Nolan and Stracke",mills.com,"Meat Packer",navy,2020-10-07,purdy.charley@yahoo.com,Z4[KJJ=[7WFn3sNnEp}H
1ae4226e-d28a-3692-be52-f091581e1406,Dr.,Karlie,Keebler,"34A/81 Ratke Mill",Poblacion,Catbalogan,Siquijor,Philippines,306-188-378,"+63 (949) 102-0738",Rolfson-Kemmer,hermiston.biz,Potter,maroon,1999-07-24,rutherford.euna@yahoo.com,"BlAAA7q?<2G_\Y=-g{l}"
6778b18b-4455-350e-bcf3-a70ec3d3439b,Mr.,Dahlia,Rosenbaum,"57/35 Herman Underpass Apt. 743",Poblacion,"Cebu City",Sarangani,Philippines,662-050-819,"+63 (940) 529-3970","Wunsch, Rice and Rogahn",glover.com,"Database Administrator",lime,1983-10-03,nader.rusty@hagenes.com,H<GmGU+}BY7[
2cea5feb-75f7-324d-b790-ec7c6aad57dc,Ms.,Aniyah,Rohan,"58 Herman Ways",Poblacion,"Puerto Princesa","Oriental Mindoro",Philippines,666-675-880,"+63 (999) 608-5080",Bogisich-Skiles,abernathy.com,Bookbinder,aqua,1983-08-06,chester.strosin@yahoo.com,"V^?-?$9,1GURKg|"
f7402692-cd55-351d-b87b-6168ef2a9b14,Mr.,Ethel,Schumm,"56A/82 Kautzer Freeway",Poblacion,Calamba,Leyte,Philippines,771-773-792,"(0994) 709-3097","Daniel Inc",paucek.com,"Food Preparation and Serving Worker",yellow,1998-11-15,hudson.hans@leuschke.com,(WeP0=qJ%5eADWm
af2af121-45be-3c69-996e-99f8f9116ba4,Prof.,Jay,Leffler,"99A Walter Plaza",Poblacion,Calbayog,"Davao Oriental",Philippines,001-667-456,"(0998) 708-0432","Skiles, Schamberger and Wintheiser",howe.com,"Motor Vehicle Operator",olive,1971-03-19,sammy.hartmann@abernathy.org,@5r[C9<sD)=o*0U'8f
a1185e57-6363-3634-976f-5a339683590f,Dr.,Zachariah,Howell,"27A Harvey Mews Apt. 705",Poblacion,Dumaguete,Abra,Philippines,513-382-892,"+63 (933) 186-8461",Schmeler-Mayert,kling.net,"School Social Worker",lime,2010-10-03,ldavis@schimmel.com,;gkmpbwu]BmMm
bf45ff7e-8a08-34ec-a7ed-02d0674fc92e,Prof.,Bart,Bernhard,"99A Nitzsche Pass",Poblacion,Pagadian,Ifugao,Philippines,568-951-470,"(0975) 118-6373",Ankunding-Pollich,christiansen.com,"Landscape Artist",gray,2022-01-10,solon07@gmail.com,EQKdr_|j}09>~2Q11
3daaf849-e08e-34d3-9dbc-a30c119eeeb2,Dr.,Deon,Christiansen,"13A Koch Spring",Poblacion,Balanga,"Zamboanga del Norte",Philippines,155-169-412,"(0920) 459-2514",Reynolds-Dicki,wilderman.com,"Makeup Artists",olive,1981-07-15,juana17@yahoo.com,"^#tY\CDu\3Up2c<L:)1"
0b38ae3e-cd67-3fa0-b7e8-122f909dc65d,Dr.,Giuseppe,Schaefer,"72 Fay Ridge Apt. 214",Poblacion,Calamba,"Southern Leyte",Philippines,348-383-103,"+63 (935) 526-3692",DuBuque-Mueller,schaefer.info,Prosthodontist,silver,1995-12-14,fcorkery@fay.net,cM4(zv7|ywqqD
e4629d75-e15a-35b4-9668-de3eea234203,Dr.,Verner,Krajcik,"78A/83 Koss Fork Apt. 389",Poblacion,Baguio,Batanes,Philippines,624-245-891,"+63 (911) 935-1090","Stamm, Johnson and Pagac",konopelski.com,"Slot Key Person",aqua,2002-06-21,margarita96@gmail.com,-/zW&_*57rJi$
f9062e17-dd0d-320c-8e14-118e67ea0393,Ms.,Javonte,Hamill,"47 Koch Common Suite 542",Poblacion,Iligan,Camiguin,Philippines,971-000-082,"(0975) 287-1972",Heathcote-Brekke,rosenbaum.info,"Training Manager OR Development Manager",black,1989-01-04,kennedi12@gmail.com,Hl[e5$$LX
4e6f868d-6f58-305f-a1fe-91bd4090abd6,Prof.,Imelda,Stiedemann,"34/68 Harber Hills Apt. 838",Poblacion,Bago,Antique,Philippines,181-889-344,"(0910) 146-9180",Conroy-Pacocha,doyle.com,"Directory Assistance Operator",silver,2023-08-02,lou35@hotmail.com,"elRN\P`$S|km"
592e1e84-f3ec-39bf-bf25-a166617b8bc8,Prof.,Jeanne,Zboncak,"16/85 Quigley Point Suite 948",Poblacion,Digos,"Zamboanga del Sur",Philippines,497-436-323,"(0907) 157-6390","Harber LLC",hickle.com,"Textile Knitting Machine Operator",white,1977-08-02,rey22@connelly.com,ikLykN?P$
d5ecb215-2a65-3852-83cf-d523da949fcf,Mr.,Lacy,Ritchie,"42 Glover Harbor Suite 156",Poblacion,Mabalacat,Cotabato,Philippines,350-779-827,"+63 (923) 296-8858","Bailey, Corwin and Glover",borer.net,"Communication Equipment Worker",gray,2011-06-17,buford92@hotmail.com,+WNmUQC_4G
15f5b5e3-2116-3c54-a81e-454a0aa199a3,Dr.,Cristopher,Nienow,"61A/51 Hammes Shores Apt. 532",Poblacion,Tandag,"Negros Occidental",Philippines,128-897-795,"(0910) 704-2286","White Ltd",eichmann.com,"Title Examiner",blue,1995-10-24,therese.ondricka@shanahan.org,nf=6UIY8h-
d3d6b683-6e63-3119-88ec-db0ecece35b9,Dr.,Zoe,Rippin,"97/95 Boyer Roads Suite 725",Poblacion,"Puerto Princesa","Oriental Mindoro",Philippines,635-884-206,"(0932) 775-9885","Ruecker Group",nikolaus.com,"Precision Instrument Repairer",navy,1990-11-14,kayley.jenkins@lehner.net,")ndZcoyg\,+CcOHyk"
9cbeaf54-0264-378b-bc75-463c6eca220a,Prof.,Talia,Mayert,"48A/15 Daniel Lodge",Poblacion,Maasin,Guimaras,Philippines,749-517-073,"+63 (978) 806-1645",Von-McGlynn,simonis.biz,Editor,purple,2004-06-05,heaven42@greenholt.com,ubDhUA`veDB
ebf66b56-eec0-326b-b090-2230aca7386c,Dr.,Jennyfer,Wisoky,"53 Frami Greens Apt. 770",Poblacion,Iligan,"Misamis Occidental",Philippines,174-104-268,"+63 (942) 901-2880","Hyatt, Collins and Von",lehner.biz,"Order Clerk",navy,1995-10-28,demetrius38@nader.net,"M}@^8\<u~"
75acdc05-c55c-3043-b261-ae2e73229f53,Prof.,Alba,McCullough,"94 Weissnat Parkways",Poblacion,"San Jose","Eastern Samar",Philippines,882-607-314,"+63 (943) 141-6999",Gusikowski-Hessel,oberbrunner.com,"Home Appliance Installer",fuchsia,1987-11-02,hershel63@gmail.com,"As~_U[_14@L""*wAVNO!"
cddfd288-6aa5-3e53-98a3-b11dd74e5ca7,Ms.,Alison,Haley,"40/40 Stracke Island Apt. 322",Poblacion,Malaybalay,Marinduque,Philippines,567-765-795,"(0937) 538-0920","Anderson Ltd",spencer.net,"Poultry Cutter",yellow,1982-06-26,isaiah.hamill@yahoo.com,/@~4~p~HmJ3
d05c8fcf-81f8-38ed-91a6-6bc6fd68975c,Mr.,Nickolas,Ondricka,"81A/38 O'Kon Vista",Poblacion,"Zamboanga City",Samar,Philippines,543-552-360,"(0928) 342-9722",Ebert-Price,braun.com,"Air Crew Officer",fuchsia,1977-08-29,sonia.senger@gmail.com,Mt(6MRP6
09b0db87-2de9-3e88-a982-83e2681030ad,Dr.,Daryl,Runte,"60A/57 Wilderman Mission Apt. 349",Poblacion,Batac,Tawi-Tawi,Philippines,468-831-365,"(0937) 225-5462","Larson PLC",wuckert.net,"Shuttle Car Operator",maroon,1984-07-29,linda49@windler.org,zuj^X3[f/Y=c!#O5
a0829e33-541d-3b7c-acc4-5bbe718532f1,Ms.,Margret,Hagenes,"96/53 King Via Apt. 159",Poblacion,Koronadal,"Davao del Sur",Philippines,442-854-681,"(0948) 845-4312","Sawayn, Schmeler and Nikolaus",gibson.com,Illustrator,olive,2016-09-20,stokes.tommie@gmail.com,"b^!""V0CD&M@/#"
21705af9-a592-393c-88ef-ac5c777b9787,Dr.,Kristina,Glover,"22 Kling Ridges Suite 628",Poblacion,"San Fernando",Quirino,Philippines,035-006-293,"(0919) 975-3245","Pacocha, Boyer and Weimann",cummings.com,Molder,black,2010-02-18,auer.millie@hilpert.org,))@6kM-f&vgqYq{%
10270256-5da2-3f21-beca-205cf6715b62,Prof.,Furman,Langworth,"51A Braun Mission Apt. 748",Poblacion,Biñan,Albay,Philippines,578-662-699,"(0996) 750-0107","Beer LLC",greenholt.com,Glazier,maroon,1999-06-06,kade62@gottlieb.com,=uLe^>2K?6CGn7aU2TFF
1e5434a8-97be-382b-b600-628a01177dac,Dr.,Kenny,Fay,"65/65 Paucek Prairie Apt. 651",Poblacion,Canlaon,"Ilocos Sur",Philippines,094-884-125,"+63 (996) 142-7187","Wiza, Ortiz and Paucek",wilkinson.com,"Electronic Equipment Assembler",fuchsia,2020-11-26,jayda36@yahoo.com,|zxBSFdH5A5c/s')yEj[
19d50b16-6f1c-33bc-8291-f2c52c5d39cd,Prof.,Addie,Cummerata,"33/31 Mueller Trafficway Suite 014",Poblacion,Himamaylan,"Nueva Ecija",Philippines,078-307-147,"+63 (908) 610-1152","Cassin LLC",monahan.net,"Film Laboratory Technician",silver,1993-05-31,torrey.maggio@homenick.org,=mKn-L$)ac^L3g$
198270c5-39ec-3b2b-9ac3-5fc76a3ce49d,Miss,Devante,Price,"75 Watsica Club",Poblacion,Escalante,"Davao Oriental",Philippines,603-561-998,"(0996) 424-7185",Huel-Lueilwitz,herman.com,"Shoe and Leather Repairer",yellow,1983-03-24,tcummings@williamson.info,qJrzWZ}eEe}2t
c3c65d62-3161-303f-967e-114545e2df23,Prof.,Ayla,Bartoletti,"99 Shanahan Mills",Poblacion,"Tarlac City",Isabela,Philippines,638-080-055,"+63 (813) 323-9873",Reichert-Sauer,bednar.biz,"Civil Drafter",teal,2019-12-08,selina43@gmail.com,"W!""j?f(me"
d8d83f24-9d52-3ee2-9a6a-517281f42b01,Dr.,Samantha,Rippin,"61 Gutkowski River Apt. 083",Poblacion,Kabankalan,Bohol,Philippines,435-052-162,"(0932) 954-9428","Wolf, Stoltenberg and Padberg",effertz.biz,"Pipelaying Fitter",green,2019-11-19,anissa12@gmail.com,"<@]=<MrO6l=%-M1""t{"
01635108-3d73-340a-aa14-ba24d4380cc6,Miss,Toby,Kuphal,"46/48 Sipes Stream Suite 598",Poblacion,Tuguegarao,"Surigao del Norte",Philippines,775-624-975,"+63 (930) 196-9962",Bernhard-Towne,rolfson.com,"Precious Stone Worker",gray,1983-12-24,jessyca19@reilly.com,.%Pd`Z$:R>1
8f9f9071-2a1c-3fa9-a283-2192ad83c05c,Miss,Zackary,Olson,"62A Lang Ways Apt. 360",Poblacion,Dagupan,Bukidnon,Philippines,552-764-585,"+63 (930) 822-6372","McGlynn Inc",sporer.com,Rigger,fuchsia,2002-07-04,zwiza@yahoo.com,"^,^yi+4A%"
adae92c2-94d9-3c35-9844-b311b64b537d,Ms.,Alexander,McDermott,"26/20 Mitchell Ports Suite 719",Poblacion,Tanjay,Cebu,Philippines,495-905-954,"+63 (917) 145-0665",Kshlerin-Rutherford,quigley.com,"Title Examiner",olive,1995-01-31,keven.hickle@gmail.com,"Au%jme,j.IClkB41"
10b7ce69-6093-386d-91e7-d7be910e947f,Mrs.,Bailee,Ruecker,"31A Prosacco Isle Suite 143",Poblacion,Angeles,Samar,Philippines,012-703-670,"+63 (978) 930-9280","Hand, Paucek and Muller",herzog.org,"Security Guard",aqua,1974-05-09,schuster.adan@pollich.org,O/X*}*.
7db6e391-9851-33ae-9ee8-134ff53dc28b,Miss,Gladys,Stoltenberg,"05A Donnelly Shore",Poblacion,"Cagayan de Oro",Cagayan,Philippines,402-393-934,"(0974) 158-3433","Ortiz Ltd",schaefer.info,"Substation Maintenance",blue,2018-07-20,adrienne.lind@gmail.com,zv#v<*q`ans
af396577-f8ba-39a5-89fe-2521c61713ed,Mr.,Deon,Skiles,"56/86 Daniel Greens",Poblacion,Sipalay,Maguindanao,Philippines,977-492-965,"(0973) 086-7063",Wuckert-Schaefer,ledner.info,"Gaming Dealer",blue,2004-08-21,okeefe.aracely@gmail.com,"codSWA4:nC\"
ecd003e2-a2be-38ec-8ae8-a40328d57ebb,Prof.,Loyce,Frami,"75 Stehr Flat",Poblacion,Dapitan,"Oriental Mindoro",Philippines,991-998-347,"(0921) 890-4029","Schowalter, Ledner and Reilly",vandervort.org,"Tractor Operator",purple,2009-10-23,haley.sidney@feil.biz,s5k_O*c}A9
331e30c9-c3b4-364d-a1b3-1cb47bc21445,Mr.,Beryl,Gusikowski,"62A Eichmann Station",Poblacion,Bacolod,Pampanga,Philippines,482-287-545,"+63 (932) 542-8154","Bins, Schinner and Bechtelar",smith.com,"User Experience Researcher",teal,2002-09-27,sporer.bertram@reichel.com,"T,$7u{~IJG9*"
de6ce176-34bc-33db-b7b6-f9da147baa24,Dr.,Aaliyah,Johnson,"66/27 West Road",Poblacion,Dipolog,Cagayan,Philippines,716-923-580,"+63 (936) 025-1645",Carroll-Murray,mclaughlin.com,"Camera Repairer",yellow,1975-05-07,lpfeffer@hettinger.com,<*u=30crrT
e9e5b058-d993-3f6b-bdca-df1e10be3e7a,Miss,Geovanny,Schuppe,"48 Pfannerstill Union Suite 308",Poblacion,Samal,"Zamboanga del Sur",Philippines,586-659-499,"(0946) 227-7316","Padberg, Ledner and Torphy",towne.org,"Health Technologist",navy,2005-04-29,mallory54@towne.com,c4i_[TIm@e0$6
ae17cf55-8f30-39cf-99bf-1c4e4bbd7a7d,Mrs.,Clyde,Strosin,"22A/31 Parker Manors",Poblacion,Canlaon,"Ilocos Norte",Philippines,106-043-241,"+63 (918) 527-5135",Orn-Ruecker,skiles.com,Clerk,black,2020-08-10,ernser.jamison@gmail.com,2V3_;Z6Izf?bD
79b9a76a-0d70-30f1-a290-378a783feff3,Mr.,Marcella,Waters,"51A Kilback Hill",Poblacion,Candon,Laguna,Philippines,607-478-974,"(0935) 056-2478","Ferry LLC",zemlak.com,"Annealing Machine Operator",black,2004-08-24,skilback@yahoo.com,"TQ04Q{^UQN\eJti""}`#%"
ae77f657-b51c-391d-b8a4-5f4973c085e2,Mr.,Keshawn,Ferry,"58/18 Flatley Rue",Poblacion,Tacurong,Biliran,Philippines,627-049-969,"(0936) 177-0027","Wuckert, Auer and Reinger",schaden.com,"Agricultural Crop Farm Manager",teal,1970-05-01,hbechtelar@predovic.com,"MT?l'%R3YG,Bg^PLD"
f571c5b9-efb8-3207-9062-afc03915b82a,Prof.,Edythe,Gorczany,"80A Abshire Key Apt. 582",Poblacion,"Zamboanga City","Agusan del Norte",Philippines,708-611-370,"(0817) 671-4958","Glover, Monahan and Paucek",wolf.info,"Office Machine and Cash Register Servicer",teal,1981-09-21,margarett.yost@hotmail.com,v+e?ai46sd<U??B$~
40c5720a-ea07-33e3-a2c9-ea51045bdae5,Dr.,Watson,Stoltenberg,"37A Kassulke Throughway",Poblacion,"Quezon City","Ilocos Norte",Philippines,330-699-994,"+63 (907) 408-7155","Hettinger, Lesch and Bergstrom",mcclure.com,"Electrical and Electronics Drafter",white,2008-03-11,monica11@gmail.com,|1nwZ9
f34be169-109f-3798-90db-92b8d369150d,Dr.,Eleanora,Larson,"71A/86 Graham Coves Suite 047",Poblacion,"General Santos","Zamboanga del Sur",Philippines,862-352-009,"(0919) 022-5458",Brown-VonRueden,bernhard.net,"Farm Labor Contractor",green,2017-01-29,maribel72@hotmail.com,I/$WL7?==`i9
795b73d9-a29d-3123-9317-12ea0c16e125,Dr.,Ike,Parker,"96A/33 Prohaska Flat Apt. 698",Poblacion,Dumaguete,"Nueva Vizcaya",Philippines,388-069-935,"+63 (917) 399-4864","Kassulke, Koepp and Dach",abernathy.com,"Bridge Tender OR Lock Tender",lime,1984-10-11,pkirlin@dach.com,"H1>DDm59""KW6&0^"
9ee98b36-0617-3026-b091-c67315c3a7a4,Mrs.,Genesis,Stark,"69A/51 Hermiston Points",Poblacion,Olongapo,Cagayan,Philippines,656-502-064,"+63 (917) 402-0559","Bogan, Berge and Daugherty",hodkiewicz.biz,Microbiologist,olive,2001-05-20,oankunding@metz.com,J2`VLEpy)iZ
315aff90-c386-35a9-b33a-45ef1d620f37,Ms.,Joseph,Daniel,"10A Mertz Forks Suite 992",Poblacion,Ligao,Sarangani,Philippines,562-097-043,"(0999) 813-6171","Padberg and Sons",rohan.org,"Biological Technician",maroon,1976-12-21,sid.halvorson@botsford.info,k~#O)9kHhf2*3
6740435f-3718-3919-9b85-6717c99d9aef,Dr.,Cristina,Anderson,"64A Ledner Extension Apt. 433",Poblacion,Valenzuela,Cebu,Philippines,997-837-467,"(0946) 173-2353","Toy and Sons",glover.com,"Claims Taker",white,2024-01-10,alva07@yahoo.com,Q8c7XEZ
3502709f-99ba-3272-852c-218d7fefd1dc,Prof.,Kayden,Jerde,"13/71 Hammes Circle",Poblacion,Santiago,Guimaras,Philippines,423-316-569,"(0935) 283-4667",Greenholt-Wisozk,cremin.org,"Electrolytic Plating Machine Operator",navy,1980-07-01,maria.emmerich@orn.com,-o=j1P{^[/z&
50b8c1ab-0a8f-3453-82d3-16ac3808d0c9,Ms.,Alan,Mante,"91A/84 Schiller Unions",Poblacion,Tagum,Iloilo,Philippines,729-912-226,"(0906) 437-6064","O'Hara Group",gerhold.com,"Licensing Examiner and Inspector",black,1987-05-31,ullrich.kelly@yahoo.com,cz`p>WWI|J{S3GNL
150b6213-e42c-3019-b4a2-f5efd63161f5,Mrs.,Alek,Dooley,"83 Herman Extension",Poblacion,Pasig,Tawi-Tawi,Philippines,673-311-290,"(0817) 794-5052","Armstrong, Schuppe and Schuppe",hane.com,"Personal Service Worker",fuchsia,1980-10-31,kledner@hotmail.com,oj{ta9
4919a3f9-a5dc-3a13-993b-1ead68f2d9d0,Mr.,Chase,Torphy,"50A/15 Schamberger Manor",Poblacion,"Sorsogon City",Capiz,Philippines,372-446-990,"+63 (925) 372-2441",Renner-Muller,gleichner.com,"Production Helper",fuchsia,1990-05-17,ipfannerstill@kozey.com,h8kDSIc
57dcfdfe-6678-3945-af4f-78ed18416617,Ms.,Hilda,Heathcote,"34A/66 Graham Stream Apt. 343",Poblacion,Valencia,Biliran,Philippines,702-350-103,"(0977) 715-1233","Zieme PLC",beahan.org,Physicist,black,1985-06-29,tressa.auer@hessel.com,"7|JaW""7;""F"
82ca1dbc-b79f-3326-a9c4-c607bbbf675d,Prof.,Evangeline,McCullough,"37 Hudson Radial",Poblacion,Tandag,"Camarines Norte",Philippines,616-530-796,"+63 (978) 409-0021","Rowe, Hirthe and Beatty",hammes.com,"Automotive Glass Installers",aqua,1986-08-01,ipagac@yahoo.com,"0i@\-mhlDxz_gR}="
6a315a6e-e037-3566-b0bf-7437bffe4383,Prof.,Delbert,Prosacco,"26A McClure Hollow",Poblacion,Calbayog,Masbate,Philippines,502-860-316,"(0942) 237-5471","Feest, Grady and Christiansen",walker.info,"Railroad Inspector",yellow,1980-09-12,klein.marcos@braun.biz,H?hvV45eX7
c8603f8a-0c22-3185-942c-1d4e945633bf,Dr.,Enola,Balistreri,"98A/15 Eichmann Groves Suite 602",Poblacion,"San Fernando",Bataan,Philippines,506-236-645,"(0912) 315-9938",Legros-Hilpert,bahringer.com,"Electrical Engineering Technician",lime,2022-01-04,orn.emilia@denesik.com,"L-VWSr:sb[,^>-_*9SCn"
582d09ef-c631-31a5-976b-411518315b6f,Prof.,Nikki,Pagac,"88A Hoppe Station Suite 127",Poblacion,Antipolo,"Sultan Kudarat",Philippines,864-070-501,"+63 (917) 820-7926","Hayes LLC",kub.com,"Sketch Artist",navy,2020-10-02,rae.jerde@bartell.com,^aXZ%>S;f6YO
e461d2b9-45a7-3171-b688-c80364f071d9,Prof.,Jaeden,Muller,"74A Lang Mountains Suite 163",Poblacion,Iriga,"Negros Oriental",Philippines,472-079-426,"+63 (940) 339-0784","Hodkiewicz PLC",friesen.com,"Multi-Media Artist",gray,2003-12-31,roob.bonita@yahoo.com,"B)T/lRf\D#:d`8s`IuNo"
0667e9cc-2ce4-3d43-83cc-7055ae2bdb1e,Prof.,Bella,Jast,"29/47 Kihn Village Apt. 244",Poblacion,Tacurong,"South Cotabato",Philippines,298-751-962,"(0994) 380-7694",Bins-Greenholt,balistreri.org,"Petroleum Pump Operator",white,1972-07-25,farrell.shayna@runolfsson.com,BMs<m?ynT0_'z;@&'Y
fbaff3e3-5f10-31fe-985a-19adec46d414,Dr.,Hollis,Cummerata,"77/56 Padberg Parkways Apt. 648",Poblacion,Canlaon,Apayao,Philippines,044-927-645,"+63 (989) 290-6203","Kulas, Gleason and Huel",kris.com,Government,teal,1998-01-28,guillermo28@cruickshank.com,"Zy9""D;#%!oT3_t_6V"
451e1e5d-c435-3bc5-b5d3-276390bef90e,Mr.,Mackenzie,Schamberger,"76A/03 Jerde Radial Suite 867",Poblacion,"El Salvador",Sarangani,Philippines,597-613-604,"+63 (989) 467-7248",Howe-Runolfsson,halvorson.com,"Insurance Claims Clerk",purple,1990-12-25,wiza.cyril@gmail.com,lxF>je*n{MWvM
9f483430-12e2-37be-9a32-2f287cbc8b12,Dr.,Tyrel,Price,"36A/56 Swaniawski Stream Apt. 570",Poblacion,"El Salvador",Quirino,Philippines,372-712-083,"(0908) 334-3356","Osinski, Hirthe and Dickinson",jerde.org,"Floral Designer",teal,1986-02-12,koelpin.jadyn@hintz.com,4UafFJ)/z[
f68a6bcb-c10d-3acb-b9b9-db1bc85cc290,Dr.,Constantin,Watsica,"25A Hauck Crest",Poblacion,Makati,Pangasinan,Philippines,529-957-547,"+63 (936) 403-8535","Hegmann LLC",rohan.com,Teller,lime,1970-07-14,ydach@gmail.com,[7aE[d*'Lh(dl&u4?
4bc8f67a-1a00-35f9-a212-be3d74c564c1,Mr.,Ludie,Vandervort,"98 Pfannerstill Manors Apt. 876",Poblacion,Bislig,Bataan,Philippines,930-987-322,"+63 (973) 170-0043","Dickinson Group",beier.com,"Transportation Attendant",maroon,2021-01-18,jmaggio@hotmail.com,"Zm[;%\G9$sSC9"
3e64573e-19c3-3ae0-aa36-ea7f9892da61,Dr.,Keon,Pfannerstill,"88A/77 Bogan Plains Apt. 490",Poblacion,Bayugan,"Compostela Valley",Philippines,152-409-966,"(0813) 615-9115","Waters and Sons",bernier.com,"Aircraft Assembler",yellow,1972-08-21,hyatt.liam@emard.com,DS[ILuAzG9
313dba5d-8d58-3aed-aed0-21e8cfc30cf1,Prof.,Orlando,Morar,"48 Kohler Hills Apt. 893",Poblacion,Ligao,"Davao del Norte",Philippines,169-874-161,"(0915) 135-6072",Konopelski-Erdman,kreiger.com,"Motorcycle Mechanic",yellow,1977-10-17,marquise25@cartwright.info,Z5lQzi
9b8f3e0c-3584-3ab4-b606-8639fd5bbd6f,Prof.,Colleen,Eichmann,"01A Dickinson Path",Poblacion,Maasin,"Sultan Kudarat",Philippines,922-446-220,"+63 (907) 869-5135","Gorczany LLC",vandervort.com,"Aircraft Engine Specialist",maroon,1979-01-23,schiller.myrtis@rolfson.biz,"q2$4[vD4h_|w2Y?R,!"
44db54e9-e987-3bc6-9c6b-ad37525e80bf,Dr.,Alisa,Goodwin,"38/24 Donnelly Inlet Apt. 647",Poblacion,Makati,"Misamis Occidental",Philippines,703-469-905,"+63 (973) 014-4625","Marquardt LLC",schinner.com,"Advertising Manager OR Promotions Manager",lime,1999-08-11,stoltenberg.lorenz@veum.org,"9*:zZ|""0J"
b8e9951a-1246-35aa-849c-a2a0ab38165c,Miss,Virgil,Baumbach,"51A/62 Hills Place",Poblacion,Tabuk,"Surigao del Sur",Philippines,520-633-987,"(0921) 671-5885",Dickinson-Ledner,kunze.net,"Artillery Crew Member",teal,1997-07-11,allan89@hotmail.com,"lRT>eQJ,wG_"
633e4545-e0a9-3c49-8cd8-52af49584358,Prof.,Jeanne,Kuphal,"72A/02 Hudson Island",Poblacion,Valenzuela,Masbate,Philippines,402-485-898,"+63 (994) 312-1672","Ortiz LLC",kris.com,"Special Education Teacher",teal,1972-09-28,flavie.towne@gaylord.info,"A?~cYRv3|""1=%g+~53o"
d3f88c25-961e-33fb-9ee8-fe24b6d2ff80,Ms.,Kitty,Wintheiser,"97/79 Herzog Island",Poblacion,Bayugan,Samar,Philippines,316-076-404,"(0919) 456-6303",Treutel-Williamson,cruickshank.com,"Retail Salesperson",gray,2008-05-04,elisabeth89@hotmail.com,"psx}^C9<,3+~JqTnl'Ui"
43c9dc75-bad1-3dec-9a1a-a02872435d41,Dr.,Brannon,Frami,"40 Anderson Branch",Poblacion,Bais,Quirino,Philippines,442-230-196,"+63 (977) 104-7731",Pacocha-Rohan,kunze.org,"Roof Bolters Mining",fuchsia,1978-09-05,karlie15@denesik.org,JW|VG4y57X6@
22dcce0d-1dcd-3591-8e58-7d87e589436a,Dr.,Hosea,Reilly,"98/92 Eichmann Parkway",Poblacion,Bacolod,Cotabato,Philippines,021-241-768,"+63 (917) 476-1658","Muller PLC",kertzmann.com,"Computer Scientist",silver,2003-08-24,marlon.schulist@jacobson.org,"8.hn#:""XN,MkRpc"
71287e36-8638-3cae-9908-4a59de4a92ee,Prof.,Vito,Sawayn,"65A/65 Prosacco Courts",Poblacion,Antipolo,Batanes,Philippines,691-734-020,"(0930) 182-0069",Kertzmann-Marquardt,gleichner.info,"Watch Repairer",black,1979-09-10,jennie.reichel@yahoo.com,NH%TF`Zsn)?
ef42082e-42bf-3efe-8bd7-fc3e2bca339d,Prof.,Junius,Kunde,"34A Quitzon Way",Poblacion,Bayugan,"Oriental Mindoro",Philippines,670-990-669,"+63 (977) 988-8215","Kuhn Inc",reilly.com,"Title Searcher",yellow,2003-07-20,efrain60@kihn.info,"fXv3D[-q/Q=;+,AzmEw"
19dd8ac1-d67b-31b7-a021-8d154fffe1d3,Ms.,Willa,Dare,"69A Boyer Hollow",Poblacion,Taguig,Quezon,Philippines,086-976-411,"(0921) 408-7434","Kiehn LLC",runolfsdottir.com,"Supervisor of Customer Service",teal,2005-08-18,koss.hillary@gmail.com,P6o:u/*GK
8a52e843-8f29-3217-b8bc-9991289c81bb,Dr.,Garth,Padberg,"57A/29 Satterfield View Apt. 609",Poblacion,Danao,"Negros Occidental",Philippines,279-004-127,"(0929) 289-4405","Hagenes, Daniel and Hahn",hessel.org,"MARCOM Director",navy,2000-02-27,kellen51@yahoo.com,U;WO5{Y6
d63edcbd-b5ce-3746-a0e3-cf6d1bee70d0,Dr.,Aracely,McGlynn,"25/25 Quitzon Grove Suite 008",Poblacion,"Santa Rosa",Sulu,Philippines,713-283-009,"(0934) 052-3589","Gorczany Ltd",ortiz.com,"Industrial Equipment Maintenance",navy,1984-12-05,lesch.addie@yahoo.com,EQ0lzt|Q
f8aa34c9-ea32-3056-b64a-6c83f80b0a85,Prof.,Noelia,DuBuque,"08A/33 Hartmann Forges",Poblacion,Olongapo,"Misamis Occidental",Philippines,175-417-968,"(0942) 500-9387","Schultz, Daugherty and Stark",wisozk.info,"Camera Repairer",teal,2009-12-25,gladyce73@kris.com,Nc^q9P`87UQ0WQb
4a01e368-a21f-3913-b930-2ada925398c0,Miss,Hattie,Upton,"12A Olson Ranch",Poblacion,Ormoc,"Nueva Vizcaya",Philippines,166-008-193,"+63 (940) 595-6446","Carroll, Lemke and Maggio",rowe.net,"Manager of Food Preparation",teal,1976-03-30,morar.laron@casper.biz,c2>(1XwO9y+B?URU
e7c0c781-fb87-3351-840c-d2ffe4d3552a,Mrs.,Shaylee,Sawayn,"84A Nikolaus Glens Suite 871",Poblacion,"San Jose","Negros Oriental",Philippines,764-715-074,"+63 (944) 987-1975","Kreiger, Spinka and Bahringer",wisoky.biz,Manicurists,maroon,1984-02-04,cgottlieb@mante.biz,"gLzzL,<8"
8a7819d4-815e-3ee4-9c3a-e4a59be2b75c,Mrs.,Sierra,Cruickshank,"78/92 Brekke Via",Poblacion,Caloocan,Laguna,Philippines,381-214-809,"(0917) 442-1406","Reichert, Towne and Bednar",strosin.com,"Photographic Process Worker",green,2002-01-01,kendra.davis@terry.com,W})^:5=x>nhk
5b0bf930-beb5-33ac-a4dd-3901d6315217,Mrs.,Philip,Kunze,"12 Herzog Manors Apt. 766",Poblacion,Marikina,"Dinagat Islands",Philippines,663-142-822,"+63 (907) 985-6182","Kohler, Okuneva and Bogan",morar.com,"Chemical Engineer",white,1985-04-30,smith.shayna@franecki.com,;Gr'sJk0~
39385407-a1d1-381d-a5df-c02dd31c4698,Mr.,Maxwell,Langworth,"88/89 Weissnat Common",Poblacion,Pasay,Pangasinan,Philippines,268-322-808,"(0916) 850-4753",Kemmer-Cartwright,pfannerstill.com,"Registered Nurse",white,1977-12-23,jmoore@jast.com,CUP]2wuyf.$&zXA#
c31125ed-5447-32c7-9a6f-c1fe2fd56cb9,Prof.,Rose,Feeney,"66A/91 Muller Wells Apt. 581",Poblacion,"Santa Rosa","Oriental Mindoro",Philippines,328-928-124,"(0916) 845-9754","O'Keefe LLC",raynor.com,"Compliance Officers",aqua,1993-08-25,sabshire@koss.com,/ib_>>0eDx)5M
99b40839-f193-3098-9ab2-8234ecfbdffe,Dr.,Amelie,Gutkowski,"88/69 Heidenreich Views",Poblacion,Marikina,Kalinga,Philippines,350-889-430,"+63 (935) 173-2030","Flatley and Sons",abshire.com,"Movie Director oR Theatre Director",teal,1972-11-20,jade32@yahoo.com,"W?w1u'],E]&"
2baddbf2-a5f8-3ba0-b42f-a4518774f349,Miss,Deshaun,Heaney,"70/82 Grant Crossroad Apt. 025",Poblacion,Palayan,Batanes,Philippines,478-888-566,"(0929) 881-7560","Jenkins, Breitenberg and Sanford",dooley.com,"Mechanical Equipment Sales Representative",maroon,1997-07-06,monique.dubuque@legros.com,"llk>|\slR!!qsp"
ff741029-a72b-39f7-b1ed-b3d8c2d5ce8e,Dr.,Litzy,Steuber,"45/51 O'Reilly Squares",Poblacion,Cadiz,"Eastern Samar",Philippines,279-534-718,"+63 (927) 098-7772","DuBuque PLC",harber.com,"Child Care",green,2011-03-31,pat89@hotmail.com,.y(UE?kdzhF4Njd$2S`
dd476a31-878d-3ee6-ad30-d02eb06a115d,Miss,Jammie,Padberg,"70 Blanda Stream Apt. 485",Poblacion,Dagupan,Albay,Philippines,634-533-373,"(0980) 097-6708","Yost PLC",schultz.com,"Paper Goods Machine Operator",yellow,2021-11-21,savion22@yahoo.com,zjz-G&{L(W/
67b9a86f-ad19-3e9f-96d2-cd36fd24c608,Prof.,Alexis,Cronin,"46A/70 Pouros Loaf Apt. 290",Poblacion,Mandaue,"Misamis Occidental",Philippines,069-254-287,"(0813) 583-6410",Fay-Dickens,cremin.com,"Homeland Security",white,1993-06-29,fwyman@buckridge.com,w^rt60bY/N
2432716e-62f3-32d2-943d-679db0ad74ff,Mrs.,Rosa,Oberbrunner,"49/31 Witting Shoals Suite 126",Poblacion,"San Fernando","Misamis Occidental",Philippines,497-455-689,"+63 (977) 900-1645",Larson-Medhurst,yundt.com,"Human Resources Assistant",silver,1992-10-05,gulgowski.bernadine@wisozk.biz,"OC7I`=)?pMM8GD,&m"
0c073df2-9cbf-335a-84c3-1f058791fbef,Dr.,Raul,Hackett,"25/65 Greenholt Terrace",Poblacion,"La Carlota",Bohol,Philippines,398-943-544,"(0949) 357-7853","Thompson, Bednar and Deckow",fay.net,"Word Processors and Typist",green,2002-09-21,metz.madaline@gmail.com,"q18|\*g(9=^ZsLrv2|"
6a6a5212-37d0-382e-b914-87b65e70e7c6,Miss,Yvette,Hayes,"01A Jacobson Brooks",Poblacion,Palayan,"Sultan Kudarat",Philippines,093-728-511,"+63 (923) 006-2632","Gulgowski Ltd",kessler.info,"Logging Tractor Operator",lime,2002-05-25,jbailey@gmail.com,"k(lXe,]?"
3b27510e-26bd-312c-ab3e-6bf998776ae1,Dr.,Shea,Gleason,"68/62 Daugherty Courts Suite 929",Poblacion,Dipolog,Catanduanes,Philippines,120-756-101,"+63 (912) 144-1639","Fahey, Treutel and Jast",purdy.com,"Jewelry Model OR Mold Makers",yellow,2010-03-22,elena81@gmail.com,7Ek)s5f#?pI
039c41b3-b03f-3738-b2db-301681183fcc,Mr.,Robin,Pollich,"82A/86 Donnelly Pike",Poblacion,Bacoor,Antique,Philippines,934-459-746,"+63 (923) 767-2320","Hyatt, Walker and Kunde",mckenzie.com,"Aircraft Body Repairer",yellow,2022-09-24,beahan.pascale@yahoo.com,vz#SPhE+Fi'*@wg
9c5e0161-b7b7-3aad-9262-1e4712d3bb00,Prof.,Hollis,Wolf,"80 Little Fields",Poblacion,Dipolog,Leyte,Philippines,128-764-875,"(0817) 761-7917","Mayer, Ryan and Stroman",powlowski.com,"Claims Taker",lime,2007-09-27,sonya56@hotmail.com,NaUQl)AnD4
b8ec0946-3ecc-3297-bcf9-33de95c825ae,Ms.,Hiram,Champlin,"40/99 Blick Gardens Suite 490",Poblacion,Tabaco,Batanes,Philippines,165-871-730,"(0936) 936-1631",Sawayn-Huels,steuber.com,Hydrologist,maroon,2022-01-25,lherman@yahoo.com,"^(7h$W<-a+V5,hHB1"
c69d8532-c924-37cd-ac56-cede19a43d75,Mr.,Terrill,Farrell,"49/16 Lang Course Suite 897",Poblacion,Naga,Camiguin,Philippines,997-003-357,"(0918) 668-8762",Gislason-Hayes,stracke.biz,"Shoe Machine Operators",white,1972-07-05,ruby.gerhold@gmail.com,&-`]&3r{Y#NdNMYM/k
be822c56-1b51-3275-bec9-c0cf4e2d3e24,Prof.,Bennie,Rolfson,"84A Thompson Freeway Suite 269",Poblacion,Lipa,Biliran,Philippines,150-790-666,"+63 (920) 094-4212",Bergnaum-Dicki,cormier.info,"Craft Artist",olive,2012-12-20,gerson08@hotmail.com,">4c;^zZ*Sgm{/~M%1aF"""
446e5ba9-11cb-38b0-b91c-a99bfa73b33d,Prof.,Linnea,Anderson,"86 Emmerich Cape Apt. 791",Poblacion,Maasin,Biliran,Philippines,879-431-929,"+63 (949) 667-3476","Cronin Group",huel.org,"Glass Cutting Machine Operator",lime,2008-07-22,alexa40@hotmail.com,"\@d<K@aX}b3VEe!i"
d9f6d509-d891-3796-9cdd-b4f9e769c073,Mr.,Ayana,Morar,"65/85 Block Trace",Poblacion,"Masbate City","Nueva Ecija",Philippines,382-442-468,"+63 (922) 177-7800",Littel-Bradtke,altenwerth.net,Clergy,yellow,2005-02-27,pagac.taya@gmail.com,YmrLI9bb9
48e81a1e-186d-3390-b56b-0861b838481e,Ms.,Aniya,Hessel,"67A/14 Cummerata Junctions",Poblacion,Maasin,Pangasinan,Philippines,610-749-380,"+63 (918) 522-9867","Osinski and Sons",buckridge.net,"Insurance Sales Agent",gray,1981-07-30,hmayer@yahoo.com,"<rf2""j5|""nQUn^fQ%W<O"
113ae687-996a-332c-812f-0f7dff5f0f87,Dr.,Lillie,Quitzon,"11/42 Gerhold Burgs",Poblacion,Oroquieta,"Davao del Sur",Philippines,962-966-889,"(0975) 729-2464",Casper-Schaden,schowalter.org,"Operations Research Analyst",aqua,1997-07-31,liza48@yahoo.com,cP9FAs
f4f7b4e5-e3df-3361-a1c7-89d69d301f8c,Mr.,Jess,Rolfson,"67A Steuber Mount",Poblacion,Lucena,Guimaras,Philippines,439-547-181,"(0998) 491-0554",Herzog-Harvey,kiehn.com,Photoengraver,purple,1997-01-23,fpouros@lockman.org,"D)M&T*0&h}|&,;J%"
63c3f38e-7673-3849-8a9e-6483c3eb592c,Prof.,Vilma,Dickinson,"55 Rempel Terrace",Poblacion,Muñoz,Bohol,Philippines,535-134-801,"(0977) 618-7108","Cormier PLC",grant.com,"Business Development Manager",lime,1974-11-15,helen65@jakubowski.info,f[kZir/?;
fe25d9d3-fe95-37aa-99bf-bc0ea097a9a8,Ms.,Leatha,Denesik,"66 Treutel Divide Apt. 857",Poblacion,Sipalay,"Dinagat Islands",Philippines,251-244-370,"+63 (929) 061-3139","Bauch, Heathcote and O'Conner",torp.org,"Recreation and Fitness Studies Teacher",black,1984-05-25,ykassulke@crooks.com,<?i%S&VR#irz4]-s
02889d0d-31e4-3052-aaa4-c634a2de22a1,Miss,Antonette,Hodkiewicz,"30A/94 Hirthe Island",Poblacion,Tabaco,"Davao del Norte",Philippines,284-316-575,"(0908) 071-8343","Kozey, Wolf and Moen",abbott.net,"Mechanical Drafter",teal,2024-01-30,gussie01@hotmail.com,m;6=!:d
49494237-08c5-3501-911e-5ed2f8f92acf,Ms.,Treva,Robel,"72A/60 Gulgowski Well Apt. 563",Poblacion,Bacoor,Samar,Philippines,648-730-113,"+63 (920) 793-0509","Schaefer, Hackett and Nitzsche",stokes.com,"Bindery Worker",teal,1997-01-31,yhoeger@fadel.info,<4:YjRL$
9dfc1eb3-00fa-3f5a-ad92-72754fa71d0b,Prof.,Elvera,Zemlak,"14/13 Gaylord Inlet Suite 390",Poblacion,Silay,Palawan,Philippines,600-067-323,"(0975) 556-4765","Sawayn, Johns and Gaylord",rutherford.com,"Scanner Operator",fuchsia,1995-05-17,alessandra.medhurst@larkin.biz,L-TX+YFsy
f7dc57f0-4ea2-3d1d-b5d1-943525d88bdd,Prof.,Hortense,Johnston,"86/34 Wisoky Meadow Suite 836",Poblacion,Dapitan,"Nueva Ecija",Philippines,051-118-526,"+63 (910) 328-0945",Nicolas-Macejkovic,dach.net,"Letterpress Setters Operator",maroon,2017-07-19,thomas86@kassulke.org,AQ<{>P7
9e62177b-fe9b-3cc3-9e5f-1b5de4dc0fa9,Mrs.,Rebekah,Walsh,"65 Schuster Extension",Poblacion,Cauayan,"Occidental Mindoro",Philippines,770-376-687,"+63 (919) 090-0832","Halvorson LLC",lynch.info,"Network Admin OR Computer Systems Administrator",lime,2014-11-18,runolfsson.ignatius@dare.com,"]D04@X'mU>61?,"
321e878e-288f-3b92-83de-7a30f34b7602,Ms.,Karelle,Medhurst,"80 Gleason Square Suite 429",Poblacion,Bacoor,"Davao del Norte",Philippines,601-308-016,"+63 (942) 868-9966","Rosenbaum Group",quigley.biz,"Airframe Mechanic",navy,2016-01-21,nhoppe@keeling.net,"<bfUI^Nd?[:hnoBQ""{"
ae528eb8-1e20-381a-bc99-088113d1bc32,Mr.,Jose,Simonis,"09A/47 Reynolds Port Suite 932",Poblacion,Tacloban,Iloilo,Philippines,680-067-479,"(0938) 059-8291","Ferry LLC",ziemann.net,"Housekeeping Supervisor",green,1998-08-04,nmurazik@bartell.biz,?njd2O7I=h`H{IE8&Eq>
c6d8a497-52fb-3d4b-9d3a-7c75d33d11f6,Dr.,Braxton,Doyle,"15A Hirthe Rue Apt. 533",Poblacion,Legazpi,Antique,Philippines,497-042-586,"(0923) 812-3462","Thiel Group",quitzon.biz,"Probation Officers and Correctional Treatment Specialist",yellow,1992-11-16,abbott.ressie@grant.com,)3l{mgU}
219a20fe-1f7b-3931-b61f-6cda07af0dd8,Prof.,Frederick,Abshire,"44 Mann Ford",Poblacion,Tuguegarao,Biliran,Philippines,969-865-161,"(0910) 382-9160",Halvorson-Nader,halvorson.com,"Probation Officers and Correctional Treatment Specialist",aqua,1983-12-26,dibbert.kavon@hessel.com,)|!sp!hMEw|x:7
6122ca2b-3c45-371a-bdd9-deeb9f213ed4,Mr.,Giovani,Hammes,"38 Kuhic Points Apt. 546",Poblacion,Catbalogan,Bulacan,Philippines,683-339-038,"(0817) 050-6723",Dietrich-Schuppe,flatley.com,"Technical Writer",blue,2017-11-07,thowe@deckow.com,@Q2$$I]!1aK@!34
1c0ca539-ea47-303d-bf44-4526afdc7cfe,Ms.,Meda,Rutherford,"04A Hettinger Fork",Poblacion,Valencia,"Ilocos Sur",Philippines,119-856-407,"+63 (817) 197-6666","Feest Ltd",daugherty.com,Dispatcher,white,1972-04-26,cartwright.demario@medhurst.com,F((Vu?!h5Y6qJs
f07d96a0-7893-37ed-9e6b-00466b9dbb3b,Prof.,Loraine,Wolf,"20A Leannon Ferry Suite 316",Poblacion,Tacloban,"Lanao del Sur",Philippines,138-484-495,"(0938) 769-0628",Rohan-Cole,hirthe.org,Stonemason,olive,2004-02-20,block.gerhard@volkman.net,|$`Zflqb&
803f1afa-365d-3a2f-b0a5-1bb9b7cc348f,Prof.,Bobbie,Batz,"26/93 Wisozk Bypass",Poblacion,Tacloban,Cotabato,Philippines,530-348-542,"(0971) 011-9618",Connelly-Williamson,lemke.net,"Dietetic Technician",lime,1971-06-14,bglover@jaskolski.org,"s%+y~^k\y@!5&g"
d5b52c82-a2c0-355f-acc7-baf76d766036,Miss,Krystel,Ziemann,"50 Shields Cove",Poblacion,"Davao City",Marinduque,Philippines,523-794-085,"(0989) 749-5003","Block, Ankunding and Shanahan",morissette.com,"Postsecondary Education Administrators",lime,1970-11-20,anita40@yahoo.com,Ei_awt
c97bb5a2-a3f6-3f4d-9510-2a888acf47d0,Dr.,Estefania,Moen,"74A Olson Walk",Poblacion,Carcar,"Davao Oriental",Philippines,911-816-955,"(0979) 142-5684","Crooks, Schuppe and Pollich",robel.net,"Budget Analyst",yellow,2009-10-24,hintz.omari@gmail.com,"z,clY.@_fHW)xrxk\"
90278186-5178-3e51-92c8-1f66d846609a,Ms.,Lucas,Emmerich,"68A/43 Zulauf Gardens Suite 620",Poblacion,Calbayog,Abra,Philippines,205-904-655,"(0910) 539-5592","Thiel, Bartoletti and Farrell",kris.com,Curator,aqua,1995-12-16,xdaugherty@goyette.net,"d,EqJcS"
3dab04f1-3230-31de-8af1-79f0119d0e6f,Mrs.,Oceane,Konopelski,"70/86 Kulas Lock Suite 731",Poblacion,Toledo,Pampanga,Philippines,588-958-606,"(0912) 826-0192",Stracke-Kautzer,lubowitz.com,"Plating Machine Operator",yellow,1995-05-24,koch.tatum@robel.com,"jYz^G`<,>Hm(+,@8zI."
fdae07c7-8bb9-3cae-8b2d-e8d2d2cdf79d,Prof.,Marlon,Farrell,"82A Wolff Extension",Poblacion,Pasig,Cotabato,Philippines,832-176-276,"+63 (974) 223-5700",Marquardt-Wolf,rice.com,"Protective Service Worker",olive,2023-02-28,roy.gerhold@sawayn.com,"59:e\?"
8f044c51-c0c4-352c-8aa3-3b22cd6ae66b,Ms.,Grant,Crona,"44A Graham Union",Poblacion,Dumaguete,Zambales,Philippines,368-894-311,"(0946) 776-8068",Huels-Heller,thompson.net,"Forest and Conservation Worker",gray,2021-07-01,langworth.erick@blick.org,"-eW2,)|/"
6d26004b-17b4-3e13-9a38-3163af2c6413,Mrs.,Mertie,Reichert,"93/71 Bailey Ridge",Poblacion,Catbalogan,"Zamboanga del Norte",Philippines,970-764-809,"(0944) 752-3142","Kirlin Ltd",mcdermott.net,"Parts Salesperson",green,1998-09-13,mohamed14@thiel.com,AO/!g+xxf>jZ|1g
20a84cd0-b0d7-3388-ad61-5982f98363f1,Mrs.,Julien,Tromp,"97 Beahan Underpass",Poblacion,Caloocan,"Davao del Sur",Philippines,066-033-605,"+63 (942) 106-7757","Lockman LLC",schoen.net,Painter,blue,1977-12-24,marlin37@hotmail.com,"Sqci~C,!5NMY<+CE8<^"
c8b49e87-cf70-3b10-b994-e74f93b718a5,Mr.,Terrence,Cassin,"59A/35 Harvey Place",Poblacion,Taguig,Tawi-Tawi,Philippines,089-014-641,"(0910) 953-1673",Reilly-Thiel,fritsch.org,"Landscape Artist",purple,1974-05-24,tre47@quigley.com,ozv>^M{+A
1c069c74-3389-31e0-aa9c-a8abee7bf274,Mrs.,Eddie,Kris,"60 Baumbach Light",Poblacion,Lapu-Lapu,Cagayan,Philippines,672-751-184,"(0943) 199-0488",Nolan-Streich,pollich.net,"Stringed Instrument Repairer and Tuner",olive,2016-01-22,leopold.bahringer@feest.com,6o;Hlu'3Qg{7Q]=
ad263dfa-c1ff-3a3d-a18c-255e06cac136,Miss,Anabelle,Kuhlman,"12A Dickinson Bypass Suite 325",Poblacion,Tabaco,"Sultan Kudarat",Philippines,885-965-521,"+63 (932) 718-9373",Miller-Kshlerin,herzog.com,"Technical Director",lime,2006-06-11,mgreenholt@hotmail.com,a'Nva1GH
97b6d9a2-adc0-3c98-9244-807e31b6cf83,Prof.,Hallie,O'Reilly,"30A Prosacco Lakes",Poblacion,"Tarlac City",Cavite,Philippines,084-430-886,"+63 (926) 900-7185","Ryan Ltd",lynch.org,"Graduate Teaching Assistant",yellow,1982-09-08,clement10@hotmail.com,"[klkqB8b$Iz\/"
f9456116-e8d2-3fe7-9c1b-c1dc54f056bc,Prof.,Isaiah,Hessel,"17A Wuckert Views Suite 009",Poblacion,Gapan,Laguna,Philippines,685-353-650,"+63 (906) 141-9504",Padberg-Ferry,johnson.com,"Agricultural Crop Worker",white,2006-08-16,unienow@koss.com,"[lZ""iGI-sw'r"
e4ff03bc-5e3c-3202-9b52-421287b76683,Mrs.,Dayna,Wintheiser,"78A/13 Yost Falls Apt. 362",Poblacion,"San Fernando","Davao del Sur",Philippines,651-598-449,"+63 (912) 360-7070","Bauch, Davis and Bruen",heathcote.info,"Personal Trainer",purple,2003-01-06,sarah.toy@yahoo.com,4*Ukq.]su
92e0de16-2efa-37ca-96e7-d55379ca88a8,Mr.,Madge,Hintz,"19/16 Green Rest Suite 904",Poblacion,Cabanatuan,"South Cotabato",Philippines,510-860-237,"+63 (813) 564-0997","Koch, Hirthe and Bergstrom",jast.com,"Computer Support Specialist",gray,2023-07-27,fay37@hotmail.com,"7\/onP|HC2j~vl@"
90a4c933-e792-338f-af60-e2c3756237cc,Prof.,Courtney,Cremin,"53A/87 Braun Highway Apt. 897",Poblacion,"San Fernando",Iloilo,Philippines,112-869-841,"(0938) 076-1607",Cruickshank-Lubowitz,koch.com,"Marine Engineer",silver,2015-03-03,berenice.raynor@koepp.com,_9pb|B?UX6
1d56cd96-25c0-3b14-833f-cd1afc5b66db,Mrs.,Ottis,Hills,"90A Johnson Orchard Apt. 904",Poblacion,Malaybalay,Bukidnon,Philippines,897-128-323,"(0900) 340-7286","Lesch PLC",marks.com,Government,teal,1990-12-02,brenden.kerluke@hotmail.com,i]l=4hf8E~9vn;FNF(~h
84c34f80-0341-335d-aa08-5a105ad4c8e6,Mrs.,Darryl,Klocko,"63A/47 Schuster Plains Apt. 054",Poblacion,Passi,Samar,Philippines,873-404-639,"(0908) 893-2083","Grant PLC",dach.com,"Production Helper",teal,2022-10-13,gulgowski.madelynn@yahoo.com,:XGX2b
c682b3a2-f5c6-31e2-a874-b3d3f75eb394,Prof.,Brant,Raynor,"35/15 Satterfield Centers Suite 808",Poblacion,Palayan,Aklan,Philippines,546-558-799,"+63 (978) 281-9181","Toy, Wuckert and VonRueden",douglas.com,Dishwasher,blue,1970-03-12,felicita38@treutel.com,PHgrHp*
0eb15e62-2b65-3efb-b901-952450adce42,Dr.,Mabel,Schiller,"46 Purdy Hills",Poblacion,Baguio,Sorsogon,Philippines,835-379-735,"+63 (989) 440-3828","Keebler PLC",gerhold.biz,"Electrical Power-Line Installer",silver,2003-01-16,florence61@yahoo.com,U)'kdvb3M?
675291b2-cbce-3e1b-9940-d35d17a4ff0e,Dr.,Mose,Hahn,"14/61 O'Hara Plain Suite 273",Poblacion,Gapan,Quirino,Philippines,728-582-467,"(0938) 304-4113","Abbott Group",boyle.com,"Weapons Specialists",lime,1985-10-15,kamron44@gutkowski.com,)LxSlDe`y0
f4b87a3b-09a4-3186-af1a-6ab8277d50e3,Dr.,Merle,Walker,"49/12 Streich Junction Apt. 719",Poblacion,Mandaue,"Nueva Vizcaya",Philippines,524-352-706,"(0931) 233-7948","Kemmer, Quitzon and Brekke",hoeger.com,Assembler,gray,2004-11-21,jamie.halvorson@smith.com,"W.Il.>x""},aV'ou|}$Z>"
52d711d3-b9d3-3ac9-90e9-69cd3a43063f,Prof.,Marcus,Ankunding,"40 Raynor Circles",Poblacion,Muntinlupa,Batangas,Philippines,272-251-568,"+63 (943) 600-8462","Kemmer, Streich and Lind",parisian.org,"Railroad Yard Worker",green,2021-03-13,annabell.rath@gmail.com,;>Kn2FOKI#9m;ezj
60f4f298-e4c1-348c-af2d-60bb1b9ebff1,Miss,Damian,Gislason,"61A Okuneva Common",Poblacion,Bogo,Laguna,Philippines,184-229-807,"(0921) 673-4673","Kertzmann LLC",bauch.com,"Fashion Model",olive,2013-09-16,lebsack.berneice@kohler.com,GUfu*7v
3613b02b-30cb-301f-a8a6-2c49f01ea5a0,Prof.,Adell,Crooks,"26/71 Turcotte Mill",Poblacion,Passi,Isabela,Philippines,517-347-577,"(0926) 072-6114",Corwin-Wuckert,nikolaus.com,"Office Clerk",fuchsia,2009-05-19,zboncak.callie@yahoo.com,YoP`GV&[zs2
337ec4df-d323-3b81-b5f9-2e43f9fe93eb,Dr.,Elody,Harber,"25 Kozey Plaza Apt. 845",Poblacion,Bacolod,Marinduque,Philippines,769-604-385,"(0923) 674-8929","Stanton, Wiegand and Bahringer",considine.com,Orthodontist,lime,2009-04-08,ward.bria@hotmail.com,"!!EK-BV^5evtQ),_u6"
f9e0410a-04fa-3609-94fe-5a92467526d7,Prof.,Minerva,Feeney,"86 Tremblay Lane Suite 137",Poblacion,Maasin,Kalinga,Philippines,184-979-914,"(0920) 946-5060",Gleason-Hill,weber.com,"General Practitioner",lime,1989-09-15,roxane.west@hotmail.com,"""tXcf.?"
db7c4273-faca-372d-a252-4f3b2b6f76c4,Miss,Brayan,Jacobson,"53 Kuphal Union Apt. 553",Poblacion,"Puerto Princesa","Camarines Norte",Philippines,844-858-330,"+63 (928) 702-8428","Kris Inc",franecki.net,Photographer,gray,2001-01-07,kaycee02@buckridge.com,<8YxZ=A~b)Voj
e6c7fa18-e4a0-3c8b-bbcc-6edf633a98bf,Dr.,Hardy,Lubowitz,"11A/85 Aufderhar Spring",Poblacion,Navotas,Aurora,Philippines,352-286-278,"(0944) 830-5797","Emmerich, Gutmann and Cronin",waters.com,Illustrator,silver,2024-04-04,bartoletti.rudolph@turner.net,".T_""TO(#*+>0.)Qk"
8fa4a7f2-9162-32a1-bfed-6242a0136934,Dr.,Lera,Rath,"03A/30 Steuber Canyon",Poblacion,"San Pablo",Albay,Philippines,532-057-532,"+63 (939) 444-3298","Jaskolski, Sipes and Grimes",paucek.com,"Armored Assault Vehicle Officer",white,1988-12-17,kole.lesch@streich.com,;3%%Tq$pM_tXr%:w
61777c69-7891-3079-9a07-800cee236b63,Miss,Jose,Turcotte,"23A/47 Rippin Plain Apt. 942",Poblacion,Marikina,"Davao Oriental",Philippines,457-553-223,"+63 (918) 239-7580","Vandervort, Bartell and Ernser",carter.com,"Food Tobacco Roasting",purple,1989-03-25,ellie19@yahoo.com,?7;.c4|P;Yk[]B.Br1
bf21f06b-229d-3717-9521-ec3a2d143887,Mr.,Abby,Brakus,"98A/89 Bashirian Fall",Poblacion,Naga,"Nueva Vizcaya",Philippines,455-629-433,"(0949) 780-6355","Glover, Halvorson and Larkin",kassulke.com,"Supervisor of Police",fuchsia,2013-07-31,mann.jailyn@hotmail.com,"J[/<\bBFcq>z`tbMGIZ"
aa7763bc-fd80-324f-b100-81ea70f22d98,Dr.,Neva,Jerde,"62/86 Daugherty Station Suite 600",Poblacion,Cadiz,Capiz,Philippines,383-633-654,"+63 (919) 531-1104","Runolfsson Group",douglas.com,"Museum Conservator",fuchsia,1997-01-01,srunolfsson@hotmail.com,zDRweu5
cca7151c-e749-34cf-a8da-01d5706c6b66,Mrs.,Ernestina,Wilderman,"52A/45 Huel Brook Suite 513",Poblacion,Bago,Masbate,Philippines,217-685-290,"(0817) 498-1870","Quitzon Inc",hermann.com,"Plating Machine Operator",fuchsia,1996-05-14,pietro.hansen@gmail.com,"7BFvZ#X,|-"
05426d9e-5b87-3a0c-af67-c53fff0b38ff,Ms.,Julien,Lebsack,"26/17 Hilpert Estate Apt. 126",Poblacion,"Quezon City",Siquijor,Philippines,427-279-982,"+63 (937) 155-1837",Yundt-Mitchell,streich.com,"Airframe Mechanic",aqua,1993-12-03,trenton.swaniawski@yahoo.com,?Esh7?WO[d1J:*-
6e9fcd15-fab3-3160-b880-5296130fa76f,Ms.,Javonte,Greenholt,"79A/28 Ziemann Neck",Poblacion,"San Carlos","Dinagat Islands",Philippines,424-557-821,"(0940) 330-2069",Cormier-Raynor,nienow.biz,"Power Plant Operator",purple,2008-11-23,fritchie@grimes.net,3bf=#GI[L{JTPW5
d934e2e4-a2d3-3c74-8916-c9b9567575b7,Dr.,Herbert,Johnston,"71/82 Haley Plaza",Poblacion,Carcar,"Ilocos Norte",Philippines,707-609-478,"(0933) 396-1250",Farrell-Schuppe,langworth.org,"Agricultural Manager",silver,2006-02-23,weissnat.loyce@kuhn.com,Y'RPeW
0ef92bbe-6669-39ad-8bec-c8cbc1c10777,Mr.,Rosanna,Altenwerth,"35A/34 Runolfsdottir Point Apt. 516",Poblacion,Palayan,"Davao del Norte",Philippines,565-359-835,"+63 (989) 214-7748","Kassulke LLC",stokes.com,"Educational Psychologist",blue,2021-10-04,rusty72@zieme.com,pO.VyU
6897928b-e479-39c2-8191-221fc8354c14,Prof.,Charley,Stroman,"14 Gusikowski Pine",Poblacion,Bais,Ifugao,Philippines,223-123-060,"(0939) 529-0358","Huel, Weissnat and Kilback",kunze.com,"Recyclable Material Collector",yellow,1996-02-04,cflatley@sporer.com,;`r(/:e_x
caebd6f7-ee8e-3798-b759-b170db227b1b,Dr.,June,Donnelly,"50/83 Bayer Lock Apt. 640",Poblacion,Marikina,"Camarines Norte",Philippines,649-665-257,"(0938) 502-4741","Abshire, Ankunding and Crooks",bashirian.com,"Gaming Supervisor",gray,1984-07-06,isaiah30@zulauf.com,<I=A't*n6*&KIF0Y*6m
80551c30-5b79-375a-9725-4f3bd59e478b,Dr.,Tamara,Jast,"21 Koelpin Route Suite 834",Poblacion,Naga,"Lanao del Norte",Philippines,494-565-339,"(0948) 210-4673",Russel-Koepp,herzog.info,"Claims Examiner",fuchsia,2014-01-21,ntorp@quigley.net,NEfBZWp/K8*a3V[yZ
dc6e5c92-69f3-3665-82de-cef611203dcf,Prof.,Dedrick,Lakin,"37A Bins Canyon",Poblacion,Maasin,Palawan,Philippines,453-090-888,"+63 (996) 172-5826",Lueilwitz-Jaskolski,padberg.com,"Weapons Specialists",maroon,1984-07-31,jast.noe@stoltenberg.com,KA!P=mNl
4ade9c80-f17b-3dc2-af77-a1ff5ad64737,Mr.,Maverick,Becker,"94A Simonis Tunnel",Poblacion,Gapan,Batangas,Philippines,150-234-212,"(0989) 513-4555","Mraz Group",ernser.net,"PR Manager",green,2016-03-03,pollich.dusty@yahoo.com,"C|vD\*BpZ?5rjP)ouNur"
148ecb36-8428-34cb-9504-ab9e65f4dc27,Mrs.,Esta,Rau,"72A Pacocha Rapids",Poblacion,Dipolog,Guimaras,Philippines,544-716-389,"(0948) 713-9118","Cassin, Skiles and Lowe",mann.com,"Well and Core Drill Operator",gray,2020-08-25,jacobson.celestino@cassin.biz,on-[`~'>|ld~
08a00ee6-ded8-373a-8f1c-db42014aed82,Dr.,Leslie,Koss,"55A Hegmann Cape",Poblacion,Mandaluyong,"Oriental Mindoro",Philippines,969-502-993,"+63 (939) 725-5380","Marks and Sons",bailey.com,"Event Planner",maroon,2023-03-02,alanis.auer@yahoo.com,%Q4%[_y0G00>gR7~$
bba24844-0b95-3d59-b79b-1dbbc38d913a,Prof.,Amiya,Lang,"81 Pfannerstill Court",Poblacion,"San Pedro","Metro Manila",Philippines,583-237-738,"+63 (920) 186-3075","Kunze LLC",windler.com,"Kindergarten Teacher",olive,1993-09-24,will.afton@koepp.com,"\oFq'3]X8%"
aed372d8-d7d0-3980-bdb5-e8af8ad5aada,Mrs.,Maudie,Dach,"32A McCullough Drive",Poblacion,"San Pablo",Tawi-Tawi,Philippines,601-258-276,"(0942) 553-2051",Rempel-Schumm,watsica.net,Dishwasher,silver,1975-10-04,alf37@kuhic.com,[ZvaEAn9(vJ
729a62b2-8059-30ff-9560-d12d029cc550,Dr.,Camryn,Hansen,"28A/92 Tremblay Neck",Poblacion,Cabadbaran,Pampanga,Philippines,318-773-556,"+63 (977) 361-2150","Streich PLC",boehm.com,Assembler,fuchsia,2011-08-13,eliane.fritsch@yahoo.com,"Qq}&b!Tz\n;Mm=&9"
8402ada1-b0c1-3336-bd67-7e429169ff5b,Prof.,Nicola,Bayer,"13A Robel Point",Poblacion,Gingoog,"Davao del Sur",Philippines,732-355-318,"(0978) 213-1772","Hayes, Sawayn and Lynch",kshlerin.com,"Electronic Engineering Technician",olive,2010-07-26,wilhelmine.pfeffer@waters.net,yuoM&Q*d.hW1}(u{7_@
dad09d91-5a29-35a7-96ff-b82c85e629be,Dr.,Davin,O'Hara,"23/82 Lubowitz Motorway Apt. 115",Poblacion,"El Salvador",Cotabato,Philippines,288-413-490,"(0974) 247-4059","Kilback PLC",lueilwitz.net,"Logging Equipment Operator",olive,1983-05-15,xavier18@wolf.biz,Vj(nXdhok
873418bd-6974-31bf-9abe-5aaa81f3d94e,Dr.,Rylan,Hand,"63 Cassin Pass",Poblacion,"La Carlota",Bohol,Philippines,887-662-662,"(0817) 641-3991","Russel LLC",jacobi.com,"Percussion Instrument Repairer",yellow,1995-03-17,keeling.andre@kertzmann.com,y#B'Cv]aE5~]kwx7uW|
69b9f05a-aa9b-31ae-8e7d-92175a4192a1,Miss,Octavia,Davis,"68A/40 Pouros Ridges",Poblacion,Olongapo,Iloilo,Philippines,275-178-783,"(0946) 242-9041","Wiegand Ltd",heller.biz,"Airframe Mechanic",olive,1990-02-02,pherzog@hotmail.com,FnmV;TNTiY
6e611403-ee09-37e1-a699-9677f0706a0b,Miss,Darion,Gutmann,"93/80 Collier Club",Poblacion,"La Carlota",Samar,Philippines,504-285-415,"+63 (923) 145-7916","King PLC",schowalter.com,"Technical Program Manager",black,1973-07-25,geo89@renner.com,8WSs/R^Qm@@@xD
3a8a2cf5-4611-3255-a25e-34d0975ba72d,Mr.,Lyda,Bailey,"53A/89 O'Conner Loaf",Poblacion,Dipolog,Marinduque,Philippines,255-415-162,"(0922) 715-9497","Keebler, McLaughlin and Collins",wiegand.com,"Precision Lens Grinders and Polisher",silver,1972-05-11,emmanuel.jacobson@fritsch.com,`G}ZMIPW|Gm?RC-R6
bd08383e-ad1c-3c35-b6cd-c43e1b91ef3f,Mr.,Carli,Farrell,"80A Harber Burgs Suite 416",Poblacion,Malolos,Cebu,Philippines,121-524-109,"(0928) 640-8278","Batz, Blick and Nolan",koch.net,"Electrical Power-Line Installer",aqua,1991-12-08,scarlett.feeney@padberg.biz,"iN,)v2[mTT#"
83f1ce15-5029-30ca-9605-98965d8ad923,Prof.,Seth,Lemke,"17A/77 Dietrich Station",Poblacion,Palayan,Romblon,Philippines,676-167-766,"+63 (921) 476-7424","Cormier, Effertz and Hand",hand.org,"Radiation Therapist",navy,1992-12-09,jadyn82@torphy.info,"%n.-8,`\2d;/#DH_"
aa3f3427-0279-3c87-a83f-1f6bda5be819,Mr.,Haylee,Hane,"34/27 Nicolas Trafficway",Poblacion,"Las Piñas",Rizal,Philippines,845-960-126,"+63 (909) 662-0179","Gutmann, VonRueden and Rosenbaum",nicolas.biz,Logistician,yellow,2009-03-11,maximo.balistreri@hotmail.com,"~Us,LIeqPHvkUT"
a2838440-1904-3ae7-a536-866d23d3585f,Prof.,Chasity,Oberbrunner,"65 Connelly Squares",Poblacion,Tagum,"Lanao del Sur",Philippines,164-344-083,"+63 (908) 460-8235","Hudson and Sons",gibson.com,"Cardiovascular Technologist",fuchsia,2020-12-19,juliet.stoltenberg@koch.net,se|z#]`(6ko*
5406942a-ebef-333d-9318-ccd2f79b22a9,Miss,Remington,Conroy,"22/13 Kshlerin Club",Poblacion,Navotas,"Mountain Province",Philippines,771-287-256,"+63 (813) 039-3074","VonRueden PLC",wisozk.com,"Utility Meter Reader",black,1993-05-17,eldora.bruen@hotmail.com,:fz;S3Bk~S
cba7d5d3-2cf2-3225-8f89-3d224c8eb66a,Prof.,Britney,Glover,"75/48 Kshlerin Village",Poblacion,Silay,Samar,Philippines,968-617-159,"+63 (935) 835-9161","Schimmel Inc",brakus.com,"Emergency Medical Technician and Paramedic",aqua,2008-10-03,johnson76@yahoo.com,"B\];ZXa[\]Q/X"
1bc892f7-8e66-3e7f-91df-8d99d5472dff,Mr.,Barney,Jacobs,"35/70 Luettgen Rapids Suite 258",Poblacion,Lamitan,Antique,Philippines,104-121-142,"+63 (931) 812-7996","Wyman, Hoeger and Paucek",lueilwitz.com,"Fish Game Warden",maroon,1979-09-26,larkin.phyllis@hotmail.com,^gm1]zl-S@}[|c
20ba6906-06eb-300b-81b1-c25543cca905,Prof.,Yesenia,Nienow,"13A/67 Schaefer Rapid",Poblacion,Calamba,Sorsogon,Philippines,764-542-094,"(0998) 362-4396",Johnson-Hickle,treutel.com,"Refinery Operator",purple,1999-03-20,elfrieda.moen@waelchi.org,"AiZu)bYh""I\n|n]E?"
aa3758c0-ad0b-36a7-9568-4a1250f9bf9a,Mrs.,Oda,West,"42 Hintz Square Apt. 223",Poblacion,Dipolog,"Lanao del Sur",Philippines,261-264-293,"(0915) 202-9515",Wuckert-Senger,rolfson.com,"Metal Molding Operator",black,2003-07-26,hans87@swift.com,"sI6Jzlc5/wy9B\`a`"
6a7df2a0-6b17-303b-9510-fc0941b450d1,Dr.,Colin,Heathcote,"52A/24 Runolfsson Fords Suite 919",Poblacion,"San Juan",Sarangani,Philippines,272-461-183,"(0917) 771-9369","Crona, Stracke and Stiedemann",stanton.com,"Sales Person",green,1976-06-10,gordon39@koepp.com,"c4-tN-?y,%wAE>,f"
4b40faf4-3bba-3600-9388-55577eb1817f,Prof.,Clifford,Johns,"67A Funk Coves Apt. 083",Poblacion,Cabanatuan,Batangas,Philippines,336-810-802,"(0813) 806-5173","Hodkiewicz, Stiedemann and Ernser",koss.com,TSA,silver,2014-04-08,cruickshank.burdette@yahoo.com,g<;;smJ*)
68e1b0a4-11aa-3384-85e5-03ced02a980e,Mr.,Flavie,Botsford,"75A/57 Emmerich Mountains",Poblacion,Naga,Bukidnon,Philippines,858-569-124,"+63 (900) 941-4967",Schmidt-Labadie,ondricka.net,"Social Scientists",aqua,1988-10-17,ibernhard@hotmail.com,"O2K1'4&fM+""}0"
0f0d5d30-b1d9-32a6-921c-6b0c25624966,Prof.,Vicky,Gulgowski,"39/39 Quitzon Burgs",Poblacion,Mandaue,"Dinagat Islands",Philippines,910-578-425,"(0926) 175-8278","Hayes, Stehr and Graham",gibson.org,"Furniture Finisher",navy,1970-02-24,albina.emard@boyle.com,ov7=:uGeI~>D
4ae68e55-e901-3221-8b48-201f3288302a,Ms.,Ruby,Pagac,"79 Abernathy Mews Suite 523",Poblacion,Lipa,Tarlac,Philippines,938-607-295,"(0909) 427-5908","Gleichner, Wuckert and Mertz",daniel.com,"Surgical Technologist",silver,2023-07-16,schoen.ofelia@connelly.com,"()Rz\5t_0.Jp<|V"
d2855e57-d464-3111-a4fa-c0075784785b,Dr.,Desiree,Beier,"49/39 Watsica Gateway Suite 329",Poblacion,"Santa Rosa",Guimaras,Philippines,332-089-385,"(0920) 177-4791","Purdy, Heathcote and Schamberger",zemlak.org,Roustabouts,lime,2006-02-22,mitchell.carmella@okuneva.com,%X-28Eh;7:ivN
4abe008b-5b86-3d0b-b1e2-67e726d805a4,Mr.,Jaeden,Borer,"29A/30 Balistreri Pine Suite 822",Poblacion,Olongapo,Aurora,Philippines,123-115-524,"+63 (911) 072-8704","Fadel PLC",douglas.biz,Architect,aqua,2001-10-30,qschoen@nikolaus.com,"SBx/,%/!:SR=];3G@CL"
fb18a8a2-d2a0-34da-8539-9a000bdeebe5,Miss,Bailey,Swift,"90/82 VonRueden Road",Poblacion,Manila,Catanduanes,Philippines,478-943-047,"(0916) 971-2594","Wiza, Klein and Haley",becker.org,"Drywall Installer",fuchsia,2018-12-07,rosalee66@bayer.info,":""X;;4)$Gw[XMztM-"
59386606-0adc-3942-b348-35e2954057fd,Mr.,Juwan,Hammes,"38A Ruecker Path",Poblacion,Makati,Sorsogon,Philippines,689-220-047,"(0925) 037-1505","Upton Inc",vonrueden.com,"Rough Carpenter",black,2003-06-26,kyra.hane@huels.org,UMq7R+Zdx{J2s@~K#
d86873f7-c940-3f8f-912f-e0249c7493ef,Dr.,Queen,Beatty,"93/41 Carter Locks Apt. 118",Poblacion,Samal,"Dinagat Islands",Philippines,645-821-776,"(0944) 861-6381","Douglas, Rippin and Bayer",prohaska.com,"Production Worker",fuchsia,2019-04-13,gislason.dee@yahoo.com,9@>~.-=Kw5?[gKLR~Ca
6313cde2-7ac3-3855-9e52-07599ffbd470,Miss,Ed,Weissnat,"88 Parisian Ports",Poblacion,Naga,Maguindanao,Philippines,378-624-581,"(0943) 365-0523",Lowe-Hettinger,crooks.com,"Dragline Operator",aqua,2021-09-08,esta.strosin@kub.com,Dw:WSf.t:vg`}hg>VN-
514e6d2e-03a8-3d1e-8753-67b4f41a7091,Mr.,Rick,Koelpin,"08A Ledner Estates Apt. 320",Poblacion,Pagadian,Albay,Philippines,478-838-309,"+63 (975) 500-2965","Tromp, Lemke and Rohan",kutch.com,"Customer Service Representative",fuchsia,2004-06-26,koch.daphnee@heathcote.info,q88iVZ
5d630326-3fa4-3e49-9058-b87aa5cbc62b,Ms.,Michaela,Mayer,"90 Mraz River Apt. 541",Poblacion,Gingoog,Catanduanes,Philippines,250-276-528,"(0999) 952-9530","Hand, Heaney and Feest",kertzmann.biz,"Travel Clerk",purple,1996-07-24,moen.betsy@jerde.com,5U#0O08rY.e$/p
98d41ad4-447f-37d4-a1c9-5cfeeba0cc96,Miss,Claude,Schroeder,"71A Hauck Mill Suite 907",Poblacion,Gapan,"Zamboanga del Norte",Philippines,076-775-061,"+63 (997) 588-4560","Anderson PLC",volkman.com,"Carpet Installer",maroon,1994-01-10,kennedi85@yahoo.com,|@mN7y3'Fk;
37adb9dd-c440-32fd-bd1e-89c1bac7e1b8,Mrs.,Sylvan,Yost,"34A Kulas Summit",Poblacion,Cauayan,Kalinga,Philippines,360-720-746,"(0934) 933-2385","DuBuque, Goyette and Kuhlman",stark.com,"Electrical Parts Reconditioner",white,2022-01-01,drew.ward@gmail.com,JjU7ou!
ac710387-3917-35a1-8280-4d711c3268ae,Mrs.,Anastacio,Abshire,"92A Grant Gateway",Poblacion,Toledo,"Agusan del Sur",Philippines,156-443-850,"(0929) 972-6741","Jacobs, Blanda and Schmeler",kulas.org,"Psychology Teacher",olive,1980-04-01,kemmer.alyce@towne.com,+4PZT;/TV%
0abf91ae-2650-31a6-937f-35ef80eb13c7,Mr.,Raina,Torphy,"41A/27 Mohr Springs Apt. 212",Poblacion,Tagum,"Agusan del Norte",Philippines,064-320-475,"(0920) 472-8321","Muller, Ernser and Schmeler",fay.org,"Insurance Investigator",yellow,2013-06-13,catherine54@yahoo.com,/F=nxL09G|4
51776ea2-ac90-3eca-922e-e9062583ac35,Mr.,Wendy,Olson,"66A Kling Forges Suite 134",Poblacion,Talisay,"Sultan Kudarat",Philippines,567-185-022,"+63 (915) 076-5943","Friesen, Reynolds and Connelly",schmidt.net,"Motorcycle Mechanic",fuchsia,2018-02-10,heloise92@gmail.com,u*tKC'|5!/HLU
d1b8e174-8a4e-3c38-8896-1f04c1a882f6,Mrs.,Robin,Marvin,"37 Sawayn Summit Apt. 837",Poblacion,Ormoc,Tawi-Tawi,Philippines,003-336-159,"(0994) 707-7671","Corwin, Bechtelar and Green",feil.com,"Social Sciences Teacher",silver,1992-12-07,arturo87@hotmail.com,"$2%Jx)b$=eQ,"
3f265b80-b4f0-31ea-a1b6-1244ecce4a3e,Prof.,Eulalia,Boyer,"96 Rice Lake",Poblacion,Balanga,Isabela,Philippines,199-751-471,"+63 (907) 077-5233",Kunde-Nienow,wilkinson.com,"Dietetic Technician",black,1995-06-06,heloise.fay@hotmail.com,S7r9ziwd
9a002e0d-dd8a-3421-bf3e-fad0af18e4e3,Ms.,Augusta,Kautzer,"78A Reynolds Grove",Poblacion,Pagadian,Masbate,Philippines,334-697-276,"(0973) 920-0737","Lang, Hickle and Weissnat",nikolaus.com,"Personal Care Worker",navy,1991-11-24,cole.ubaldo@yahoo.com,"RD,tW!lG;~"
7a5d7ccd-666a-3fee-8341-009d35a89e06,Mr.,Dallin,Berge,"39/28 Grant Squares Apt. 161",Poblacion,Antipolo,"Nueva Ecija",Philippines,357-140-993,"(0910) 343-7474",Lind-McCullough,marks.com,"Tool and Die Maker",yellow,2004-04-29,juanita.sanford@rogahn.com,FlrMz2y:@5/FK@&pD
0b56b4df-621d-32bc-acd1-00b8e9c6f08d,Mrs.,Loyce,Schiller,"12A Bailey Walks Apt. 675",Poblacion,Pasay,Romblon,Philippines,115-742-020,"(0999) 525-7853","Sanford, Mraz and Marvin",kassulke.net,"Technical Writer",maroon,1985-06-01,lfisher@yahoo.com,eQhy@6
43b0dfa6-3829-33a9-b8ad-bddadb437045,Mr.,Narciso,Farrell,"67A Wehner Lake Suite 030",Poblacion,Victorias,Maguindanao,Philippines,844-929-814,"+63 (943) 345-5706","Jacobson, Muller and Gleichner",harber.info,"Highway Patrol Pilot",blue,2003-06-02,yfeil@gmail.com,%Cs'`*m[4F&[
beaa228f-a818-39a7-b33a-180d8cc236ea,Miss,Alanis,Dibbert,"17A/51 Kling Pike",Poblacion,Tagaytay,"Dinagat Islands",Philippines,483-435-869,"(0919) 359-1081",Dickens-Hintz,mohr.info,"Armored Assault Vehicle Officer",yellow,2000-03-15,tcorkery@gmail.com,3db@m0{y*q
